-- MySQL dump 10.13  Distrib 8.0.35, for Win64 (x86_64)
--
-- Host: localhost    Database: miniai
-- ------------------------------------------------------
-- Server version	8.0.35

/*!40101 SET @OLD_CHARACTER_SET_CLIENT=@@CHARACTER_SET_CLIENT */;
/*!40101 SET @OLD_CHARACTER_SET_RESULTS=@@CHARACTER_SET_RESULTS */;
/*!40101 SET @OLD_COLLATION_CONNECTION=@@COLLATION_CONNECTION */;
/*!50503 SET NAMES utf8mb4 */;
/*!40103 SET @OLD_TIME_ZONE=@@TIME_ZONE */;
/*!40103 SET TIME_ZONE='+00:00' */;
/*!40014 SET @OLD_UNIQUE_CHECKS=@@UNIQUE_CHECKS, UNIQUE_CHECKS=0 */;
/*!40014 SET @OLD_FOREIGN_KEY_CHECKS=@@FOREIGN_KEY_CHECKS, FOREIGN_KEY_CHECKS=0 */;
/*!40101 SET @OLD_SQL_MODE=@@SQL_MODE, SQL_MODE='NO_AUTO_VALUE_ON_ZERO' */;
/*!40111 SET @OLD_SQL_NOTES=@@SQL_NOTES, SQL_NOTES=0 */;

--
-- Current Database: `miniai`
--

CREATE DATABASE /*!32312 IF NOT EXISTS*/ `miniai` /*!40100 DEFAULT CHARACTER SET utf8mb4 COLLATE utf8mb4_0900_ai_ci */ /*!80016 DEFAULT ENCRYPTION='N' */;

USE `miniai`;

--
-- Table structure for table `conversation`
--

DROP TABLE IF EXISTS `conversation`;
/*!40101 SET @saved_cs_client     = @@character_set_client */;
/*!50503 SET character_set_client = utf8mb4 */;
CREATE TABLE `conversation` (
  `id` int NOT NULL AUTO_INCREMENT,
  `user_id` int NOT NULL,
  `title` varchar(255) CHARACTER SET utf8mb4 COLLATE utf8mb4_0900_ai_ci NOT NULL,
  `created_time` datetime NOT NULL,
  PRIMARY KEY (`id`)
) ENGINE=InnoDB AUTO_INCREMENT=164 DEFAULT CHARSET=utf8mb4 COLLATE=utf8mb4_0900_ai_ci;
/*!40101 SET character_set_client = @saved_cs_client */;

--
-- Dumping data for table `conversation`
--

LOCK TABLES `conversation` WRITE;
/*!40000 ALTER TABLE `conversation` DISABLE KEYS */;
INSERT INTO `conversation` VALUES (1,1,'这是标题1112','2023-11-15 08:50:38'),(2,1,'title2','2023-11-23 08:50:55'),(3,1,'i am title','2023-11-08 15:23:04'),(4,1,'i am title','2023-11-08 15:24:56'),(5,1,'新的聊天','2023-11-08 15:26:46'),(6,1,'新的聊天','2023-11-08 15:27:20'),(7,1,'新的聊天','2023-11-08 15:27:21'),(8,1,'新的聊天','2023-11-08 15:27:22'),(9,1,'新的聊天','2023-11-08 15:27:22'),(10,1,'新的聊天','2023-11-08 15:27:22'),(11,1,'新的聊天','2023-11-08 15:27:23'),(12,1,'新的聊天','2023-11-08 15:27:23'),(13,1,'新的聊天','2023-11-08 15:27:23'),(14,1,'新的聊天','2023-11-08 15:27:23'),(15,1,'新的聊天','2023-11-08 15:27:23'),(16,1,'新的聊天','2023-11-08 15:27:24'),(17,1,'新的聊天','2023-11-08 15:27:24'),(18,1,'新的聊天','2023-11-08 15:29:28'),(19,1,'i am title','2023-11-08 15:31:29'),(20,1,'新的聊天','2023-11-08 16:19:39'),(21,1,'新的聊天','2023-11-08 16:20:06'),(22,14,'新的聊天','2023-11-09 09:48:32'),(23,14,'新的聊天','2023-11-09 09:48:42'),(24,14,'新的聊天','2023-11-09 09:50:56'),(25,14,'新的聊天','2023-11-09 09:51:33'),(26,14,'新的聊天','2023-11-09 09:54:00'),(27,14,'新的聊天','2023-11-09 09:54:38'),(28,14,'新的聊天','2023-11-09 09:55:59'),(29,14,'新的聊天','2023-11-09 12:28:54'),(30,15,'新的聊天','2023-11-09 16:37:51'),(31,15,'新的聊天','2023-11-09 20:42:36'),(32,15,'给我写一篇英语短','2023-11-09 23:02:32'),(33,15,'你可以做什么事','2023-11-09 23:10:58'),(34,15,'vue如何格式化','2023-11-09 23:12:11'),(35,15,'用mardkow','2023-11-09 23:17:41'),(36,15,'讲个小故事','2023-11-09 23:22:58'),(37,15,'讲个大故事','2023-11-09 23:25:50'),(38,15,'在吗','2023-11-09 23:29:52'),(39,15,'你好','2023-11-09 23:40:25'),(40,15,'hello','2023-11-09 23:51:29'),(41,15,'你好你好阿','2023-11-09 23:52:55'),(42,15,'喵喵喵','2023-11-09 23:54:10'),(43,15,'go如何做中间件','2023-11-10 00:16:39'),(44,15,'在吗你','2023-11-10 00:19:06'),(45,15,'你好','2023-11-10 00:21:09'),(46,15,'在吗在吗你','2023-11-10 00:22:02'),(47,15,'你叫什么名字','2023-11-10 00:22:48'),(48,15,'你好你好','2023-11-10 00:31:44'),(49,15,'你好','2023-11-10 00:36:57'),(50,15,'你你你号','2023-11-10 00:40:37'),(51,15,'你好你好','2023-11-10 00:46:30'),(52,15,'你好','2023-11-10 14:37:34'),(53,15,'你好你好嘀嘀嘀','2023-11-10 14:40:52'),(54,15,'在吗','2023-11-10 15:14:28'),(55,15,'写个英语短文笑话','2023-11-10 15:28:07'),(56,14,'讲个笑话','2023-11-10 16:21:26'),(57,15,'用markdow','2023-11-10 16:31:22'),(58,15,'新的聊天','2023-11-10 17:00:19'),(59,15,'12313','2023-11-10 17:00:40'),(60,15,'312312','2023-11-10 17:22:20'),(61,15,'你好','2023-11-10 17:23:59'),(62,15,'12312312','2023-11-10 17:24:44'),(63,15,'你好好','2023-11-10 17:27:31'),(64,15,'在吗','2023-11-10 17:29:10'),(65,15,'妮妮号','2023-11-10 17:32:06'),(66,15,'在吗在吗','2023-11-10 17:39:58'),(67,15,'那你给我写一个j','2023-11-10 17:50:30'),(68,15,'你好呀','2023-11-10 17:58:56'),(69,15,'在吗在吗','2023-11-10 18:13:45'),(70,15,'给我一段英文','2023-11-10 18:56:05'),(71,15,'新的聊天','2023-11-10 19:22:23'),(72,15,'新的聊天','2023-11-10 19:26:11'),(73,15,'新的聊天','2023-11-10 19:28:15'),(74,15,'新的聊天','2023-11-10 19:30:37'),(75,15,'新的聊天','2023-11-10 19:32:46'),(76,15,'新的聊天','2023-11-10 19:33:44'),(77,15,'新的聊天','2023-11-10 19:37:39'),(78,15,'新的聊天','2023-11-10 19:39:44'),(79,15,'新的聊天','2023-11-10 19:40:42'),(80,15,'新的聊天','2023-11-10 19:41:40'),(81,15,'杯子','2023-11-10 19:44:15'),(82,15,'刚刚我说的什么','2023-11-10 19:46:26'),(83,15,'回答一下我刚才问','2023-11-10 19:51:18'),(84,15,'我之前问了你哪些','2023-11-10 19:54:03'),(85,15,'','2023-11-10 20:06:13'),(86,15,'<templat','2023-11-10 20:44:20'),(87,15,'','2023-11-10 21:02:30'),(88,15,'给我写一段冒泡排','2023-11-10 21:06:19'),(89,15,'用go写一个冒泡','2023-11-10 23:11:06'),(90,15,'用markdow','2023-11-11 01:21:14'),(91,15,'如何设置是否使用','2023-11-11 01:32:09'),(92,15,'vue如何实现进','2023-11-11 01:47:15'),(93,15,'再给我讲一个','2023-11-11 01:55:38'),(94,15,'你能做什么','2023-11-11 02:00:23'),(95,15,'我之前问过你什么','2023-11-11 02:02:53'),(96,15,'在吗','2023-11-11 02:05:49'),(97,15,'杯子','2023-11-11 14:20:13'),(98,15,'java后端程序','2023-11-11 14:42:52'),(99,15,'蝴蝶','2023-11-11 14:44:33'),(100,15,'城市','2023-11-11 14:45:50'),(101,15,'带国旗的机甲','2023-11-11 14:46:15'),(102,15,'蝴蝶','2023-11-11 14:49:06'),(103,15,'这是什么意思Yo','2023-11-11 15:22:52'),(104,15,'杯子','2023-11-11 15:24:31'),(105,15,'杯子','2023-11-11 15:38:20'),(106,15,'机甲','2023-11-11 15:38:35'),(107,15,'海面','2023-11-11 15:39:44'),(108,15,'杯子','2023-11-11 15:44:11'),(109,15,'餐具','2023-11-11 15:44:37'),(110,15,'礼盒','2023-11-11 15:44:58'),(111,15,'新的聊天','2023-11-11 15:46:35'),(112,15,'用markdow','2023-11-11 15:46:43'),(113,15,'java后端程序','2023-11-11 15:47:56'),(114,15,'Java程序员','2023-11-11 15:50:21'),(115,15,'国旗','2023-11-11 15:52:09'),(116,15,'请用中文回复我','2023-11-11 15:55:15'),(117,15,'有什么办法可以接','2023-11-11 15:56:50'),(118,15,'我需要携带请求头','2023-11-11 15:58:26'),(119,15,'刚刚我问了你哪些','2023-11-11 16:11:49'),(120,15,'那你给我写一个冒','2023-11-11 16:20:06'),(121,15,'postman怎','2023-11-11 22:05:37'),(122,15,'在吗','2023-11-11 22:06:01'),(123,16,'兔子是蓝色','2023-11-11 22:12:10'),(124,16,'杯子','2023-11-11 22:13:33'),(125,16,'红色头','2023-11-11 22:17:07'),(126,16,'杯子','2023-11-11 22:17:55'),(127,16,'这样的话，接口参','2023-11-11 22:18:18'),(128,16,'','2023-11-12 18:07:01'),(129,16,'在吗','2023-11-12 18:18:47'),(130,16,'<div cla','2023-11-13 21:21:16'),(131,13,'我的后端已经有时','2023-11-19 23:36:48'),(132,12,'在吗','2023-11-20 22:04:01'),(133,12,'新的聊天','2023-11-20 22:04:24'),(134,12,'新的聊天','2023-11-20 22:05:24'),(135,12,'新的聊天','2023-11-20 22:08:20'),(136,12,'新的聊天','2023-11-20 22:09:32'),(137,12,'新的聊天','2023-11-20 22:11:05'),(138,12,'新的聊天','2023-11-20 22:14:48'),(139,12,'小红花','2023-11-20 22:17:51'),(140,12,'小红花','2023-11-20 22:55:40'),(141,12,'小红花','2023-11-20 22:56:01'),(142,12,'你的任务是以小红','2023-11-20 23:00:38'),(143,12,'短视频引流','2023-11-20 23:03:39'),(144,12,'红色的蜘蛛','2023-11-20 23:05:09'),(145,17,'给我解释一下代码','2023-11-21 11:00:49'),(146,17,'玫瑰花','2023-11-21 11:02:10'),(147,17,'java后端','2023-11-21 11:04:07'),(148,17,'hello','2023-11-22 01:01:06'),(149,17,'新的聊天','2023-11-22 01:01:30'),(150,17,'我想吃饭','2023-11-22 01:01:47'),(151,17,'印着机甲的杯子','2023-11-22 01:02:41'),(152,17,'新的聊天','2023-11-22 01:04:33'),(153,17,'新的聊天','2023-11-22 08:34:00'),(154,17,'在吗','2023-11-22 08:34:18'),(155,17,'在吗','2023-11-22 08:37:19'),(156,17,'在吗','2023-11-22 08:38:13'),(157,17,'在吗','2023-11-22 08:42:55'),(158,17,'在吗','2023-11-22 08:43:47'),(159,17,'小蛋糕','2023-11-22 08:44:31'),(160,17,'在吗','2023-11-22 08:48:34'),(161,18,'在吗','2023-11-22 08:51:55'),(162,19,'帮我写一段jav','2023-11-22 08:59:11'),(163,19,'小蛋糕','2023-11-22 08:59:50');
/*!40000 ALTER TABLE `conversation` ENABLE KEYS */;
UNLOCK TABLES;

--
-- Table structure for table `message`
--

DROP TABLE IF EXISTS `message`;
/*!40101 SET @saved_cs_client     = @@character_set_client */;
/*!50503 SET character_set_client = utf8mb4 */;
CREATE TABLE `message` (
  `id` int NOT NULL AUTO_INCREMENT,
  `conversation_id` int NOT NULL,
  `user_id` int DEFAULT NULL,
  `content` text CHARACTER SET utf8mb4 COLLATE utf8mb4_0900_ai_ci NOT NULL,
  `timestamp` datetime NOT NULL,
  PRIMARY KEY (`id`)
) ENGINE=InnoDB AUTO_INCREMENT=811 DEFAULT CHARSET=utf8mb4 COLLATE=utf8mb4_0900_ai_ci;
/*!40101 SET character_set_client = @saved_cs_client */;

--
-- Dumping data for table `message`
--

LOCK TABLES `message` WRITE;
/*!40000 ALTER TABLE `message` DISABLE KEYS */;
INSERT INTO `message` VALUES (45,1,1,'给我写一首流行歌曲','2023-11-06 17:22:27'),(46,1,NULL,'(Verse 1)\n在这个繁忙的城市里\n我们都追求着自由\n心中的梦想像火焰一样燃烧\n我们要勇敢地展示\n\n(Pre-Chorus)\n当夜幕降临，星光闪耀\n我们一起起舞，放声高歌\n不管路途多么坎坷，我们团结前行\n梦想的力量让我们无所畏惧\n\n(Chorus)\nLet\'s go, Let\'s go, 让音乐引领我前进\n让节奏摇摆我的身体和灵魂\n在舞池里释放所有忧愁和压抑\n这是一首属于我们的流行歌曲\n\n(Verse 2)\n每个人都有自己的故事和激情\n只要你敢于追逐，就能实现你的愿望\n从今天起，让过去成为回忆\n未来就在眼前等待着你去创造\n\n(Bridge)\n跟随着音乐的节拍摇摆不停\n尽情释放内心那份欢愉与感受 \n用歌声传递爱与希望 \n这首歌将永远不会停止\n\n(Chorus)\nLet\'s go, Let\'s go, 让音乐引领我前进\n让节奏摇摆我的身体和灵魂\n在舞池里释放所有忧愁和压抑\n这是一首属于我们的流行歌曲\n\n(Outro)\n让音乐带领我们翱翔在天空之中\n用梦想点亮每个人的心灵\n这是一首流行歌曲，永远不会停止\n让我们一起跳动，跟随着节奏飞翔','2023-11-06 17:22:40'),(47,1,1,'给我画一幅画，用markdown的格式','2023-11-06 17:23:22'),(48,1,NULL,'抱歉，我是一个文字AI助手，无法为您提供绘画服务。但是，我可以帮助您描述一副画的场景或提供有关绘画的建议和指导。如果您需要其他形式的帮助，请随时告诉我！','2023-11-06 17:23:25'),(49,1,1,'给我用java写一个冒泡排序','2023-11-06 17:23:51'),(50,1,NULL,'当然可以！以下是使用Java语言编写的冒泡排序算法：\n\n```java\npublic class BubbleSort {\n    public static void bubbleSort(int[] arr) {\n        int n = arr.length;\n        for (int i = 0; i < n-1; i++) {\n            for (int j = 0; j < n-i-1; j++) {\n                if (arr[j] > arr[j+1]) {\n                    // 交换arr[j]和arr[j+1]\n                    int temp = arr[j];\n                    arr[j] = arr[j+1];\n                    arr[j+1] = temp;\n                }\n            }\n        }\n    }\n\n    public static void main(String[] args) {\n        int[] arr = {64, 34, 25, 12, 22, 11, 90};\n        bubbleSort(arr);\n        \n        System.out.println(\"排序后的数组：\");\n        for (int num : arr) {\n            System.out.print(num + \" \");\n        }\n    }\n}\n```\n\n这段代码首先定义了一个静态方法`bubbleSort`，接受一个整型数组作为参数，并对数组进行冒泡排序。然后在主函数中创建一个测试用例数组`arr`，调用`bubbleSort`方法对其进行排序，最后打印出排好序的数组。\n\n运行结果为：\n\n```\n排序后的数组：\n11 12 22 25 34 64 90\n```\n\n希望对你有所帮助！','2023-11-06 17:24:00'),(51,2,1,'给我讲个故事','2023-11-06 17:26:28'),(52,2,NULL,'从前有一个小女孩叫玛丽亚，她生活在一个美丽的村庄里。玛丽亚是个勤劳善良的女孩，每天都会帮助家人做些力所能及的事情。\n\n一天，玛丽亚在森林中散步时遇到了一只受伤的小鸟。它的翅膀被树枝划伤了，无法飞翔。看到这可怜的小鸟，玛丽亚立刻决定带它回家并给它治疗。\n\n回到家后，玛丽亚用细心和耐心为小鸟清洁伤口，并用自己制作的小绷带包扎好。她每天都给小鸟喂食、换草和清理笼子，直到小鸟完全康复为止。\n\n渐渐地，小鸟恢复了健康并开始飞翔起来。但它没有离开，而是留在了玛丽亚的身边。他们成为了最好的朋友，在一起度过了许多快乐的时光。\n\n然而，不幸降临在这个村庄上。大旱使得水源枯竭，田地干涸，人们生活变得困难。玛丽亚和她的家人也无法幸免。\n\n在这个困境中，玛丽亚想到了一个主意。她决定利用小鸟带来的智慧和勇气去寻找水源，帮助村庄恢复生机。\n\n小鸟领着玛丽亚穿越森林和山脉，他们经历了艰苦的旅程。但他们从未放弃，在坎坷与困难面前相互支持。\n\n最终，他们找到了一条清澈的河流，并将这个好消息带回了村庄。人们都感到非常高兴，通过合作和努力，村庄重新焕发了生机。\n\n玛丽亚成为了村庄英雄，并被赞誉为善良而勇敢的女孩。她明白到只要心怀善意并尽自己所能去帮助别人，每个人都可以创造出美好的事物。\n\n这个故事告诉我们无论遇到什么困难或挫折，在团结、勇气和善良的力量下，我们总是能够战胜困难并取得成功。','2023-11-06 17:26:48'),(53,2,1,'给我讲个故事','2023-11-08 08:48:08'),(54,2,NULL,'从前，有一个小村庄，里面住着一群友善和蔼的人。村庄的居民们彼此互相帮助、关心，并且以和平相处为荣。\n\n然而，有一天，一个凶恶的巨龙来到了这个村庄。它威胁说如果不给它所有的财富和食物，就会毁灭整个村庄。居民们非常害怕，他们讨论了很久也没有找到解决问题的方法。\n\n就在大家感到绝望之际，一个叫做小明的小男孩站出来了。他是村庄中最聪明、最勇敢的孩子。小明提议说：“我们不能让这只龙任意摆布我们。我们应该团结起来，共同对抗它。”\n\n于是，所有居民开始行动起来。他们每人都贡献出自己所能提供的资源和精力，并制定了一个计划：将食物分成小份并隐藏起来，在面对巨龙时再拿出来用作交换。\n\n当巨龙再次出现时，居民们齐心合力地向它展示了他们所剩无几的财富和食物，并请求巨龙放过他们这个小村庄。巨龙看到大家的团结和勇气，被他们的行为所打动。\n\n最终，巨龙答应了他们的请求，并离开了这个村庄。居民们通过团结和智慧成功战胜了强大的敌人，并保护了自己的家园。\n\n从此以后，这个小村庄变得更加团结、友善和坚强。居民们明白了只有在面对困难时相互支持，才能战胜一切挑战。\n\n这个故事告诉我们，在困境中，团结是力量的源泉。只要我们相信并彼此帮助，就能克服任何难题，并建立一个更加美好的世界。','2023-11-08 08:48:24'),(55,2,1,'给我讲个故事','2023-11-09 16:15:03'),(56,2,NULL,'从前有一个小男孩叫小明，他非常喜欢探险和冒险。有一天，他听说了一个关于一个神秘岛的传说。这个岛据说隐藏着无数的宝藏和奇珍异宝。\n\n小明立即决定踏上寻宝之旅。他带上背包装满食物、水壶、指南针和地图，准备好了面对任何挑战。\n\n小明乘船出发，经过了漫长的海洋航行后，终于到达了目的地——神秘岛。但是当他踏上岛屿时，却发现这个岛异常荒芜，没有人烟，只有茂密的丛林和高耸的山峰。\n\n不放弃寻宝的决心，小明开始在丛林中探索。他跋涉穿越密林、攀爬悬崖、穿越沼泽等各种艰难险阻。在一次意外中，小明迷失了方向并陷入困境。\n\n正当小明感到绝望时，一只野生动物帮助他找到回家的路，并引导他前往宝藏所在地。从此以后，在整个寻宝过程中，野生动物成为了小明的朋友和向导，帮助他克服各种困难。\n\n最后，小明终于找到了隐藏在岛上的宝藏。但是，他并没有把宝藏全部拿走。相反，他决定将一部分财富捐给当地社区建设，并保护这片美丽的自然环境。\n\n小明的善良和勇敢行为得到了大家的赞赏和尊重。他返回家乡后，分享着自己在神秘岛上的经历，并鼓励人们保护环境、珍惜资源。\n\n这个故事告诉我们，勇于探险和冒险是很好的品质，但同时也要保持谦逊和善良，在获得利益时要考虑到周围人和环境。','2023-11-09 16:15:21'),(57,30,15,'给我讲个故事','2023-11-09 16:38:10'),(58,30,NULL,'从前有一个小村庄，村庄的人们过着宁静而平和的生活。他们彼此互相帮助，和睦相处。然而，这个村庄最大的特点是每个人都非常勤劳。\n\n有一天，一位旅行者来到了这个村庄。他被这里美丽的景色和和谐的氛围所吸引，并决定在这里安家落户。旅行者很快发现，虽然所有人都很勤劳工作，但却没有人知道如何享受生活。\n\n于是旅行者决定改变这种状况。他开始组织各种娱乐活动，并邀请村民们参与其中。他教大家跳舞、唱歌、绘画等各种艺术形式，并鼓励他们表达自己的想法和感受。\n\n随着时间推移，村庄发生了巨大变化。人们开始学会欣赏美好事物，懂得享受生活中的每一个瞬间。他们不再只专注于工作和责任，而是学会了平衡工作与休闲的关系。\n\n整个村庄充满了欢声笑语和创造力。人们开始创作出各种艺术品，展示自己的才华和独特之处。这个小村庄也因此而变得有名起来，吸引了更多的游客和旅行者前来参观。\n\n这个故事告诉我们，生活不仅仅是为了工作和责任。我们应该学会享受生活中的美好时光，发掘自己的潜能，并与他人分享快乐。只有在平衡工作和娱乐的同时，我们才能拥有一个丰富而充实的生活。','2023-11-09 16:38:24'),(59,30,15,'','2023-11-09 17:20:06'),(60,30,NULL,'','2023-11-09 17:20:07'),(61,30,15,'','2023-11-09 17:25:18'),(62,30,NULL,'I\'m sorry, but I cannot provide a response without a specific question or statement. Please let me know what you need assistance with, and I\'ll be happy to help.','2023-11-09 17:25:20'),(63,30,15,'讲个笑话听听','2023-11-09 17:27:52'),(64,30,NULL,'好的，我来给你讲一个笑话。\n\n有一天，小明去参加一个面试，面试官问他：“你有什么特长吗？”小明回答说：“我能模仿动物的叫声。”面试官有些好奇，便让小明示范一下。小明立刻开始模仿起动物的叫声来，他模仿了猫、狗、鸟、猪等等。面试官听得很开心，觉得小明很有趣，便问他：“那你能模仿什么动物最像我？”小明想了一下，然后说：“鸡！”面试官有些惊讶，问：“为什么是鸡？”小明笑着说：“因为你一直在问我问题，就像母鸡一样，一问一答！”','2023-11-09 17:27:59'),(65,30,15,'讲个小故事','2023-11-09 17:31:57'),(66,30,NULL,'从前有一只小兔子，它非常喜欢冒险和探索。一天，它听说森林深处有一个神秘的宝藏，于是它决定前往寻宝。\n\n小兔子带上背包，踏上了前往森林的旅程。一路上，它遇到了各种有趣的动物，如小松鼠、彩虹鸟和友善的狐狸。它们告诉小兔子关于森林中的奇妙事物，并鼓励它继续前行。\n\n终于，小兔子来到了传说中的宝藏所在地。但是，它发现宝藏被一座高大的石墙围住了，无法进入。小兔子感到有些失望，但它并没有放弃。\n\n它想到了一个聪明的办法。小兔子回到森林中，找到了一根长长的藤蔓。它将藤蔓系在一棵大树上，然后顺着藤蔓爬上了石墙。小兔子终于成功地进入了宝藏所在地。\n\n宝藏是一片美丽的花园，里面有各种绚丽的花朵和奇特的植物。小兔子感到非常惊喜和开心，它在花园中尽情地玩耍和欣赏美景。\n\n当小兔子离开花园时，它感到自己已经变得更加勇敢和聪明。它明白了，无论遇到什么困难，只要坚持努力，就一定能够克服。\n\n小兔子回到家中，将这次冒险的经历分享给了家人和朋友。大家都为小兔子感到骄傲，并纷纷表扬它的勇敢和智慧。\n\n从那以后，小兔子成为了森林中的冒险家，它带领着其他动物们一起探索未知的世界，并传递着勇敢和智慧的精神。','2023-11-09 17:32:16'),(67,30,15,'讲个大笑话','2023-11-09 18:11:40'),(68,30,15,'讲个笑话','2023-11-09 18:15:15'),(69,30,NULL,'好的，这是一个笑话：\n\n有一天，一只小鸟飞到了动物园里，它看到一只大象。小鸟很好奇地问大象：“你为什么有那么大的鼻子？”大象笑着回答：“这个鼻子可以帮助我喷水、吃东西、呼吸空气，非常有用！”小鸟听后想了一会儿，然后问：“那你为什么有那么小的眼睛？”大象一脸无奈地说：“因为我已经有那么大的鼻子了，眼睛就只能小一点了！”','2023-11-09 18:15:21'),(70,30,15,'讲一个名言警句','2023-11-09 18:42:19'),(71,30,NULL,'\"机会只青睐那些有准备的人\"','2023-11-09 18:42:21'),(72,30,15,'讲个房屋设计','2023-11-09 18:54:59'),(73,30,NULL,'好的，我可以给你讲一个简单的房屋设计。\n\n这个房屋设计是一个现代风格的独栋别墅。它有两层楼，总共有四个卧室和三个浴室。\n\n首先，我们来看一下外观设计。这个别墅采用了简洁的直线和大面积的玻璃窗，给人一种现代感。外墙使用了深灰色的石材和白色的涂料，使整个建筑看起来干净利落。入口处有一个宽敞的门廊，配有一个大型玻璃门，使进入别墅更加方便。\n\n进入别墅后，我们来看一下一楼的设计。一楼的主要区域是一个开放式的客厅、餐厅和厨房。客厅配有一组舒适的沙发和一张大型的娱乐电视墙。餐厅则配有一张长桌和舒适的餐椅，可以容纳八个人。厨房则采用了现代的不锈钢电器和大理石台面，提供了充足的烹饪和存储空间。\n\n此外，一楼还有一个书房和一个卫生间。书房配有一张书桌和一个舒适的椅子，可以作为工作或学习的地方。卫生间则采用了简洁的设计，配备了洗手盆和马桶。\n\n接下来，我们来看一下二楼的设计。二楼有四个卧室和两个浴室。主卧室非常宽敞，配有一个大号床和一个步入式衣柜。主卧室还有一个连接浴室，配备了浴缸、淋浴和双洗手盆。其他三个卧室则分别配有双人床和衣柜，可以作为客房或儿童房使用。二楼还有一个额外的浴室，配备了淋浴和洗手盆。\n\n最后，这个别墅还有一个宽敞的后院，可以用来种花草或搭建户外休闲区。后院还有一个露天的游泳池，供居民在夏天享受清凉。\n\n这就是这个房屋设计的简要介绍。当然，具体的设计还可以根据个人的喜好和需求进行调整和改进。','2023-11-09 18:55:18'),(74,22,14,'在吗','2023-11-09 19:21:22'),(75,22,NULL,'是的，我在。有什么我可以帮助您的吗？','2023-11-09 19:21:24'),(76,22,14,'在吗','2023-11-09 19:29:23'),(77,22,NULL,'在的，请问有什么可以帮助您的吗？','2023-11-09 19:29:24'),(78,23,14,'在吗','2023-11-09 19:29:31'),(79,23,NULL,'是的，有什么可以帮助您的吗？','2023-11-09 19:29:32'),(80,23,14,'在吗','2023-11-09 19:29:33'),(81,23,NULL,'是的，有什么我可以帮助您的吗？','2023-11-09 19:29:34'),(82,23,14,'在吗','2023-11-09 19:29:35'),(83,23,14,'在吗','2023-11-09 19:29:36'),(84,23,14,'在吗','2023-11-09 19:29:38'),(85,23,14,'在吗','2023-11-09 19:29:40'),(86,23,14,'在吗','2023-11-09 19:29:41'),(87,23,14,'在吗','2023-11-09 19:29:43'),(88,23,14,'在吗','2023-11-09 19:29:44'),(89,23,NULL,'是的，我在。有什么我可以帮助您的吗？','2023-11-09 19:29:46'),(90,23,14,'在吗','2023-11-09 19:29:46'),(91,23,14,'在吗','2023-11-09 19:29:48'),(92,23,14,'在吗','2023-11-09 19:29:50'),(93,23,14,'在吗','2023-11-09 19:29:51'),(94,23,14,'在吗','2023-11-09 19:29:53'),(95,23,14,'在吗','2023-11-09 19:29:54'),(96,23,14,'在吗','2023-11-09 19:31:44'),(97,23,NULL,'是的，我在。有什么我可以帮助你的吗？','2023-11-09 19:31:45'),(98,23,14,'在吗','2023-11-09 19:31:56'),(99,23,NULL,'是的，我在。有什么我可以帮助您的吗？','2023-11-09 19:31:57'),(100,23,14,'在吗','2023-11-09 19:32:47'),(101,23,14,'在吗','2023-11-09 19:32:48'),(102,23,NULL,'是的，有什么可以帮助您的吗？','2023-11-09 19:32:48'),(103,23,NULL,'是的，我在。有什么我可以帮助你的吗？','2023-11-09 19:32:49'),(104,27,14,'在吗','2023-11-09 19:33:01'),(105,27,NULL,'在的，有什么可以帮助您的吗？','2023-11-09 19:33:02'),(106,27,14,'在吗','2023-11-09 19:33:03'),(107,27,14,'在吗','2023-11-09 19:33:05'),(108,27,14,'在吗','2023-11-09 19:33:06'),(109,27,14,'在吗','2023-11-09 19:33:08'),(110,27,NULL,'是的，我在。有什么我可以帮助你的吗？','2023-11-09 19:33:09'),(111,27,14,'在吗','2023-11-09 19:33:10'),(112,23,14,'你在吗','2023-11-09 19:36:11'),(113,23,NULL,'是的，我在这里。有什么我可以帮助你的吗？','2023-11-09 19:36:13'),(114,23,14,'你在吗','2023-11-09 19:36:39'),(115,23,14,'你在吗','2023-11-09 19:36:40'),(116,23,NULL,'是的，我在。有什么可以帮助你的吗？','2023-11-09 19:36:41'),(117,23,NULL,'是的，我在。有什么我可以帮助你的吗？','2023-11-09 19:36:41'),(118,29,14,'你好','2023-11-09 19:39:30'),(119,29,NULL,'你好！有什么我可以帮助你的吗？','2023-11-09 19:39:31'),(120,29,14,'你好','2023-11-09 19:39:50'),(121,29,NULL,'你好！有什么我可以帮助你的吗？','2023-11-09 19:39:51'),(122,29,14,'你好','2023-11-09 19:39:54'),(123,29,NULL,'你好！有什么我可以帮助你的吗？','2023-11-09 19:39:55'),(124,29,14,'你好','2023-11-09 19:39:58'),(125,29,NULL,'你好！有什么我可以帮助你的吗？','2023-11-09 19:39:59'),(126,23,14,'给我写首诗','2023-11-09 19:43:36'),(127,23,14,'给我写首诗','2023-11-09 19:43:38'),(128,23,14,'给我写首诗','2023-11-09 19:43:40'),(129,23,14,'给我写首诗','2023-11-09 19:43:42'),(130,23,NULL,'在春风吹拂的季节里，\n花开如海，美不胜收。\n蓝天白云，亦如画，\n大地万物，生机勃勃。\n\n山川河流，无限风光，\n鸟儿欢唱，乐曲飘扬。\n人们欢聚，共度时光，\n友谊之花，在心中长。\n\n夏日炎炎，阳光灿烂，\n沙滩海浪，乐此不疲。\n绿草如茵，凉风拂面，\n笑声欢笑，荡漾心田。\n\n秋风瑟瑟，叶落归根，\n丰收季节，喜悦心间。\n金黄稻谷，香气四溢，\n收获的喜悦，无法言表。\n\n冬日寒冷，雪花飘飘，\n白雪皑皑，美景无限。\n炉火熊熊，暖意融融，\n团聚的温暖，心中留存。\n\n四季更替，岁月流转，\n人生如诗，情感永恒。\n用笔墨描绘，诗意绵长，\n留下美好，传承千年。','2023-11-09 19:43:46'),(131,23,NULL,'在春风中舞蹈的花朵，\n绽放着生命的光芒。\n宛如彩虹的色彩斑斓，\n点缀着大地的美丽风景。\n\n夏日的阳光炙热如火，\n照亮了大地的每一个角落。\n蝉鸣声中传来欢乐的歌谣，\n让人心中涌动着无限的喜悦。\n\n秋天的叶子如火焰般绚烂，\n飘落在大地上成为一幅画。\n寒风中传来的是离别的哀伤，\n但也带来了新的希望与期盼。\n\n冬天的雪花纷纷扬扬，\n覆盖了大地的一切繁华。\n寒冷中透着温暖的气息，\n让人心中充满了爱与祝福。\n\n四季的变换，是生命的律动，\n让我们感受到时间的流转。\n每一天都是一首诗的篇章，\n让我们共同书写美好的未来。','2023-11-09 19:43:46'),(132,23,NULL,'在春风吹拂的季节里，\n花朵绽放，美丽如诗。\n蓝天白云，和煦的阳光，\n温暖了大地，心中充满希望。\n\n河水潺潺，流淌不息，\n鸟儿欢快地歌唱起舞。\n山峦起伏，青翠欲滴，\n大自然的鬼斧神工，让人心醉。\n\n时光匆匆，岁月如梭，\n我们要珍惜每一天的美好。\n让爱传递，让友谊长存，\n用心去感受，用爱去铺就人生的道路。\n\n愿世界和平，人人幸福，\n让和谐成为我们的信仰。\n让诗歌的力量，温暖人心，\n让美好的事物永远存在。\n\n这是一首简单的诗，\n只愿能给你带来一丝快乐。\n让我们一起，用文字的力量，\n传递爱与美，创造更美好的未来。','2023-11-09 19:43:49'),(133,25,14,'讲个故事吧','2023-11-09 19:52:02'),(134,25,NULL,'从前有一个小男孩叫小明，他非常喜欢冒险和探索未知的地方。一天，他听说了一个神秘的故事，说在森林深处有一个隐藏的宝藏，只有最勇敢的人才能找到它。小明听了非常兴奋，他决定要去寻找这个宝藏。\n\n小明带上了背包，装满了食物和水，然后踏上了前往森林的旅程。他沿着一条小道走了很久，最终来到了一个古老的桥上。桥看起来非常脆弱，小明有些害怕，但他知道这是通往宝藏的唯一道路。\n\n小明鼓起勇气，小心翼翼地走过桥。他感到桥在摇晃，但他坚持下去。突然，桥断裂了！小明吓得大叫一声，然后摔进了河里。他拼命地游泳，最终爬上了岸边。\n\n小明受了一些伤，但他并没有放弃。他知道冒险不是一帆风顺的，他必须坚持下去。他继续前进，穿过了茂密的丛林和险峻的山脉。\n\n终于，小明来到了一个巨大的瀑布前。瀑布水势汹涌，声音震耳欲聋。小明知道宝藏就在瀑布后面，但他不知道如何穿过这个障碍。\n\n他观察了一会儿，发现有一根树枝横跨在瀑布上方。小明决定要爬上去。他抓住树枝，艰难地爬了上去。当他到达瀑布的另一侧时，他感到非常的骄傲和兴奋。\n\n小明继续前进，终于来到了一个神秘的洞穴。他进入洞穴，发现里面是一片漆黑。他摸索着前进，突然脚下踩到了一个按钮。\n\n洞穴里亮起了一束光，小明惊讶地发现自己置身于一个美丽的宝藏室内。房间里摆满了金银珠宝和珍贵的文物。小明高兴地笑了起来，他终于找到了宝藏！\n\n小明把一些宝物装进背包里，然后开始返回家中。他回忆起这次冒险的经历，明白到勇气和坚持是成功的关键。从那以后，小明变得更加勇敢和自信，他知道只要不放弃，他可以征服任何困难。','2023-11-09 19:52:24'),(135,24,14,'讲个小故事','2023-11-09 19:54:16'),(136,24,NULL,'从前有一只小猫咪，它叫做小花。小花是一只非常调皮捣蛋的猫，总是喜欢到处乱跑和捉弄其他动物。\n\n有一天，小花决定去探险。它跳过篱笆，进入了一个陌生的花园。花园里有各种各样的花朵，小花感到非常兴奋。它开始在花丛中跳来跳去，玩得不亦乐乎。\n\n突然，小花看到了一只蜜蜂在花朵间飞舞。小花觉得这只蜜蜂看起来很好玩，于是决定追着它跑。小花跳跃着追赶蜜蜂，不知不觉迷失了方向。\n\n当小花停下来的时候，它发现自己已经远离了花园，来到了一个陌生的森林里。小花感到害怕，它不知道怎么回到家里。\n\n就在这时，小花看到了一只大灰狼在森林里徘徊。小花知道灰狼是凶猛的动物，于是躲在了一个树洞里。它闭上了眼睛，默默祈祷着。\n\n突然，小花听到了一阵奇怪的声音。它睁开眼睛，发现有一只老猫在树洞外面。老猫问小花为什么躲在这里，小花向老猫讲述了自己的故事。\n\n老猫听完后，笑了笑，对小花说：“小家伙，你迷路了吧？别担心，我会带你回家的。”老猫带着小花穿过了森林，找到了小花的家。\n\n小花非常感激老猫的帮助，它发誓再也不乱跑了。从那天起，小花变得更加乖巧懂事，不再捉弄其他动物，而是和它们友好相处。\n\n这个小故事告诉我们，调皮捣蛋并不是一件好事，有时候会带来麻烦。而善良和帮助他人则是受人欢迎的品质。','2023-11-09 19:54:36'),(137,26,14,'讲个开机方法','2023-11-09 19:56:17'),(138,26,NULL,'开机方法是指启动计算机的步骤和操作。以下是一般计算机开机的方法：\n\n1. 确保计算机连接到电源，并确保电源开关处于打开状态。\n2. 按下计算机主机箱上的电源按钮，通常是一个大圆形按钮或一个带有电源符号的按钮。\n3. 计算机主机箱上的指示灯将亮起，显示计算机正在启动。\n4. 计算机屏幕可能会显示一些启动信息，例如计算机制造商的标志或启动选项。\n5. 如果计算机有多个操作系统安装，屏幕上可能会显示一个菜单，选择要启动的操作系统。\n6. 计算机将继续启动，加载操作系统并显示登录屏幕。\n7. 在登录屏幕上，输入您的用户名和密码，然后按下回车键或点击登录按钮。\n8. 计算机将加载您的个人设置和桌面，完成开机过程。\n\n请注意，具体的开机方法可能因计算机型号和操作系统而有所不同。某些计算机可能需要按下其他特定的按键组合，例如F2或Delete键，以进入BIOS设置或启动选项菜单。在这种情况下，您可以在计算机开机时查看屏幕上的提示信息，以了解正确的按键组合。','2023-11-09 19:56:28'),(139,25,14,'讲一个打球方法','2023-11-09 19:57:39'),(140,25,NULL,'打球的方法可以有很多种，下面是一个常见的打球方法：\n\n1. 准备：穿上合适的运动装备，包括运动鞋、运动服和袜子。带上一副适合的护具，如护膝、护肘等。\n\n2. 热身：在开始打球之前，进行适当的热身活动，如慢跑、拉伸等，以准备身体。\n\n3. 基本功练习：进行一些基本的篮球练习，如运球、投篮、传球等，以提高基本技能。\n\n4. 组织比赛：组织一场篮球比赛，可以是对抗赛或者练习赛。根据参与人数，可以选择全场对抗或者半场对抗。\n\n5. 团队合作：在比赛中，注重团队合作，与队友配合，共同争取胜利。传球、接球、挡拆等技巧都需要团队合作。\n\n6. 防守和进攻：在比赛中，要注意防守和进攻的技巧。在防守时，要注意盯人、封堵、抢断等技巧。在进攻时，要注意突破、投篮、传球等技巧。\n\n7. 控制节奏：根据比赛的情况，控制比赛的节奏。有时候需要加快节奏，有时候需要稳定比赛。\n\n8. 结束比赛：比赛结束后，进行适当的放松活动，如拉伸、按摩等，以减少肌肉疲劳和预防受伤。\n\n以上是一个基本的打球方法，当然，打球的方法可以根据个人的喜好和特点进行调整和改进。','2023-11-09 19:57:53'),(141,27,14,'讲一个打球方法','2023-11-09 19:58:22'),(142,27,14,'讲一个打球方法','2023-11-09 19:58:24'),(143,27,14,'讲一个打球方法','2023-11-09 19:58:26'),(144,27,14,'讲一个打球方法','2023-11-09 19:58:28'),(145,27,NULL,'打球方法可以分为以下几个方面：\n\n1. 准备阶段：在开始打球之前，要进行充分的热身活动，包括拉伸肌肉、做一些简单的运动，以增加身体的灵活性和减少受伤的风险。\n\n2. 基本功训练：打球的基本功包括传球、接球、运球、投篮、防守等。要通过反复的练习，逐渐提高这些基本功的技术水平。可以通过模仿专业球员的动作，参加训练班或找教练进行指导来提高技术。\n\n3. 战术训练：打球不仅仅是个人技术的展示，还需要团队的配合和战术的运用。了解并掌握一些基本的战术，如进攻战术、防守战术，以及球队的配合默契，可以提高球队的整体实力。\n\n4. 身体素质训练：打球需要一定的身体素质，如耐力、力量、速度、灵敏度等。可以通过进行有氧运动、力量训练、爆发力训练等来提高身体素质。\n\n5. 比赛经验积累：参加比赛是提高打球水平的重要途径。通过参加比赛，可以锻炼自己的心理素质、适应比赛环境，同时也可以从比赛中发现自己的不足之处，进一步提高。\n\n总之，打球方法需要从基本功训练、战术训练、身体素质训练和比赛经验积累等多个方面综合考虑，通过不断的练习和实践来提高自己的打球水平。','2023-11-09 19:58:38'),(146,27,NULL,'打球的方法有很多种，下面是其中一种较为常见的方法：\n\n1. 准备工作：穿着合适的运动服装和鞋子，确保身体热身，可以进行一些拉伸和热身运动，如跑步、跳绳等，以减少受伤的风险。\n\n2. 技巧练习：掌握基本的篮球技巧，如运球、投篮、传球、防守等。可以在空旷的地方进行练习，提高技术水平。\n\n3. 组织队友：如果是团队比赛，需要与队友进行配合和沟通，制定战术，明确每个人的角色和任务。\n\n4. 战术运用：根据比赛的情况和对手的防守策略，灵活运用各种战术，如快攻、反击、挡拆等，以取得优势。\n\n5. 控制节奏：掌握比赛的节奏，根据需要进行快攻或缓慢组织进攻，同时要注意保持防守的稳定性。\n\n6. 团队合作：与队友密切合作，进行传球、接应、协防等，以增加进攻的效果和防守的稳定性。\n\n7. 注意力集中：保持专注和集中注意力，注意观察对手的动作和位置，及时做出反应，避免失误和被对手突破。\n\n8. 保持体力：比赛过程中要合理分配体力，避免过度疲劳，可以适当进行替换和休息，以保持状态和竞技能力。\n\n9. 精神面貌：保持积极的心态和团结的精神面貌，不轻易放弃，面对失败要勇敢面对，不断学习和进步。\n\n10. 比赛结束后：比赛结束后要进行适当的放松和恢复，进行拉伸和冷却运动，以减少肌肉疲劳和受伤的风险。同时，及时总结比赛中的经验教训，以便在下次比赛中改进和提高。\n\n以上是一个较为常见的打球方法，每个人的情况和喜好可能不同，可以根据自己的实际情况进行调整和改进。','2023-11-09 19:58:41'),(147,27,NULL,'打球的方法有很多种，以下是一种常见的打篮球的方法：\n\n1. 热身：在开始打球之前，先进行一些热身运动，如慢跑、拉伸等，以准备身体和肌肉。\n\n2. 基本动作：掌握篮球的基本动作，如运球、传球、投篮、防守等。这些基本动作是打球的基础，需要不断练习和提高。\n\n3. 练习运球：运球是篮球中最基本的动作之一。可以通过单手运球、交替运球、变向运球等练习来提高运球技巧和灵活性。\n\n4. 投篮练习：投篮是得分的关键，可以通过练习站位、手腕力量、准确性等来提高投篮技巧。可以从近距离开始，逐渐增加距离和难度。\n\n5. 传球练习：传球是篮球中重要的技巧之一，可以通过练习准确性、传球力量、传球速度等来提高传球技巧。可以找到合适的传球对象进行练习。\n\n6. 防守技巧：篮球不仅仅是进攻，防守同样重要。可以通过练习站位、拦截、盯人防守等来提高防守技巧。\n\n7. 团队合作：篮球是一项团队运动，需要与队友进行合作。要学会与队友配合，共同制定战术和策略，提高整个团队的战斗力。\n\n8. 比赛实战：最后，通过参加比赛来实践所学的技巧和战术。比赛中可以更好地锻炼自己，提高技术水平和比赛经验。\n\n以上是一种常见的打篮球的方法，当然还有其他的方法和技巧，最重要的是不断练习和提高自己的篮球技术。','2023-11-09 19:58:42'),(148,26,14,'教我唱歌','2023-11-09 20:01:14'),(149,26,NULL,'当然可以！下面是一些唱歌的基本技巧和练习方法：\n\n1. 呼吸控制：唱歌时需要掌握正确的呼吸技巧。深吸气时，应该感觉到腹部膨胀，而不是胸部。慢慢吐气时，注意保持稳定的气流。\n\n2. 声音放松：唱歌前，进行一些声音放松练习，如轻轻摇头、咧嘴、张嘴等。这可以帮助你放松喉咙和面部肌肉，以便更好地发声。\n\n3. 声音发声：尝试从低音开始，逐渐向高音过渡。确保声音稳定而不费力。避免用力推动声音，而是让声音自然地产生。\n\n4. 音准练习：练习准确的音高和音准非常重要。可以通过跟着音乐或钢琴弹奏练习基本的音阶和音程。\n\n5. 表达情感：唱歌不仅仅是发声，还要能够传达情感。尝试用不同的音色和表达方式来演绎歌曲，让听众能够感受到你的情感。\n\n6. 反复练习：唱歌是一个需要不断练习的过程。每天花一些时间来练习，可以选择一些适合自己的歌曲，反复练习直到熟练为止。\n\n最重要的是要保持耐心和坚持。唱歌需要时间和努力来提高，所以不要灰心，继续努力下去！','2023-11-09 20:01:30'),(150,27,14,'教我画画','2023-11-09 20:02:06'),(151,27,14,'教我画画','2023-11-09 20:02:08'),(152,27,14,'教我画画','2023-11-09 20:02:10'),(153,27,14,'教我画画','2023-11-09 20:02:12'),(154,27,NULL,'当然可以！下面是一些基本的绘画技巧和步骤，希望能帮助你开始画画：\n\n1. 准备工具和材料：纸张、铅笔、橡皮擦、绘画颜料（例如水彩、油画颜料等）和画笔。\n\n2. 练习素描：开始时，可以从素描开始，这有助于你熟悉物体的形状和轮廓。用铅笔轻轻地描绘出物体的基本形状，然后逐渐添加细节。\n\n3. 学习色彩理论：了解基本的色彩理论，包括颜色搭配和色彩对比。这将帮助你在绘画中使用色彩更加准确和有趣。\n\n4. 实践混合颜色：试着混合不同的颜料，以创建你想要的特定颜色。通过实践，你会更加熟悉颜料的特性和如何混合出所需的颜色。\n\n5. 创造阴影和光线效果：学习如何添加阴影和光线效果，以增加画作的立体感。这可以通过观察真实物体或参考照片来学习。\n\n6. 寻找灵感：寻找灵感的方法有很多，可以观察周围的事物、参观画廊或博物馆、浏览艺术书籍或上网搜索。\n\n7. 练习和坚持：绘画需要时间和练习，所以要坚持下去。每天都花一些时间练习画画，你会逐渐提高。\n\n最重要的是，享受画画的过程，不要过于担心结果。画画是一种表达自己的方式，让你的创造力自由流动。祝你好运！','2023-11-09 20:02:22'),(155,27,NULL,'当然可以！以下是一些基本的绘画步骤，希望对你有所帮助：\n\n1. 准备材料：纸张、铅笔、橡皮擦、绘画颜料（如彩色铅笔、水彩、油画颜料等）。\n2. 选择一个主题或对象，例如花、动物、风景等。你可以在网上搜索一些图片作为参考。\n3. 用轻柔的线条勾勒出主体的形状。不要用太重的线条，因为这只是一个初步的草图。\n4. 添加细节：观察参考图片中的细节，例如花瓣的纹理、动物的毛发等，用细线条逐渐描绘出来。\n5. 选择合适的颜色：如果你使用的是彩色铅笔，可以根据参考图片的颜色选择合适的铅笔。如果你使用的是水彩或油画颜料，可以调配出你需要的颜色。\n6. 开始上色：从主体的大面积开始，用均匀的颜色填充。然后逐渐添加阴影和高光，使画面更加立体。\n7. 注意细节：细心观察参考图片中的细节，例如光影效果、颜色的渐变等。尽量还原这些细节，使画作更加逼真。\n8. 修饰和润色：在画作完成后，你可以根据自己的喜好进行一些修饰和润色，例如增加背景、调整颜色等。\n\n记住，绘画是一项需要不断练习和探索的技能。不要害怕犯错，尽情发挥你的创造力，享受绘画的过程！','2023-11-09 20:02:23'),(156,27,NULL,'当然可以！以下是一些基本的绘画技巧和步骤，帮助你开始画画：\n\n1. 准备材料：纸张、铅笔、橡皮擦和彩色绘画工具（例如彩色铅笔、水彩颜料等）。\n\n2. 观察和练习：开始之前，仔细观察你想要画的对象或场景。练习素描是提高绘画技巧的好方法。你可以练习画基本的几何形状、线条和阴影。\n\n3. 轮廓：用铅笔轻轻地画出对象的轮廓。不要用太多的力气，因为你可能需要修改和擦除。\n\n4. 细节：一旦你画出了轮廓，开始添加细节。观察并绘制对象的特征，例如眼睛、鼻子、嘴巴等。\n\n5. 阴影和高光：通过添加阴影和高光来增加画面的深度和立体感。观察对象的光源方向，用铅笔或彩色绘画工具添加阴影和高光。\n\n6. 色彩：如果你想要使用彩色，可以在绘画上添加颜色。你可以使用彩色铅笔、水彩颜料或其他你喜欢的绘画工具。\n\n7. 实践和尝试：绘画是一个需要不断实践和尝试的过程。通过练习不同的技巧和尝试不同的风格，你将不断提高自己的绘画能力。\n\n希望这些步骤能帮助你开始画画！记住，绘画是一项需要耐心和练习的技能，所以不要放弃，享受你的创作过程。','2023-11-09 20:02:24'),(157,27,14,'教我画画','2023-11-09 20:03:18'),(158,27,NULL,'当然！我可以教你一些基本的画画技巧。以下是一些步骤：\n\n1. 准备画画材料：纸张、铅笔、橡皮擦、彩色铅笔或水彩颜料等。\n\n2. 选择一个主题或对象：你可以选择画静物、风景、人物或动物等。开始时选择简单的对象会更容易。\n\n3. 轮廓绘制：用铅笔轻轻勾勒出对象的基本形状。不要用太多的细节，只需捕捉整体轮廓。\n\n4. 添加细节：根据对象的特征，绘制出更多的细节。你可以观察光影、纹理和形状等，然后用铅笔或彩色铅笔填充。\n\n5. 考虑阴影和高光：观察对象的光线照射方向，用铅笔或彩色铅笔添加阴影和高光，以增加画面的立体感。\n\n6. 实践和尝试：画画是一个不断实践和尝试的过程。不要害怕犯错误，通过不断练习来提高自己的技巧。\n\n7. 参考和学习：观察其他艺术家的作品，参考他们的技巧和风格，从中学习和获得灵感。\n\n记住，画画是一种表达自己的方式，尽情享受这个过程，放松心情，创造出属于你自己的艺术作品！','2023-11-09 20:03:32'),(159,22,14,'给我讲个小故事','2023-11-09 20:06:38'),(160,22,NULL,'从前有一只小鸟，它住在一个美丽的森林中。小鸟非常喜欢唱歌，每天清晨它会站在树枝上，用美妙的歌声唤醒整个森林。\n\n有一天，小鸟突然感到非常孤独。它觉得自己的歌声没有人欣赏，没有人听到。于是，它决定飞到其他地方寻找属于自己的听众。\n\n小鸟飞行了很长时间，来到了一个繁华的城市。城市里到处都是高楼大厦，人们匆忙地赶着去工作。小鸟在街头找了一个树枝，开始唱歌。然而，人们都没有注意到它，他们太忙碌了，根本没有时间停下来欣赏小鸟的歌声。\n\n小鸟感到非常失望，但它并没有放弃。它继续飞向另一个地方，这次来到了一个小村庄。村庄里的人们生活简单，他们每天都有时间欣赏大自然的美丽。小鸟找了一棵树，开始唱歌。这一次，人们都停下来聆听，他们被小鸟的歌声所打动，纷纷赞美小鸟的歌声。\n\n小鸟终于找到了属于自己的听众，它感到非常开心和满足。从那天起，小鸟每天都会飞到村庄，为人们带来美妙的歌声。人们也非常喜欢小鸟，他们给小鸟起了一个名字，叫做“歌鸟”。\n\n通过这个故事，我们可以明白一个道理：每个人都有自己的特长和价值，只要找到适合自己的地方，就能发挥自己的才能，获得认可和快乐。','2023-11-09 20:06:54'),(161,27,14,'给我一个篮球','2023-11-09 20:10:23'),(162,27,NULL,'很抱歉，我无法给你提供实物。我是一个虚拟助手，无法提供实物。如果你需要购买篮球，建议你去体育用品店或者在线购物平台进行购买。','2023-11-09 20:10:26'),(163,29,14,'给我个足球','2023-11-09 20:11:23'),(164,29,14,'给我个足球','2023-11-09 20:11:25'),(165,29,NULL,'很抱歉，我无法提供实际的足球给您。我是一个虚拟助手，无法进行物品交付。您可以在体育用品店或在线购物平台上购买足球。','2023-11-09 20:11:25'),(166,29,14,'给我个足球','2023-11-09 20:11:27'),(167,29,NULL,'很抱歉，我无法提供实际的足球给您，因为我是一个虚拟助手。但您可以在体育用品店或在线购物平台上购买到足球。','2023-11-09 20:11:27'),(168,29,14,'给我个足球','2023-11-09 20:11:29'),(169,29,NULL,'很抱歉，我无法提供实际的足球给你，因为我是一个虚拟助手。你可以在体育用品店或者在线购买平台上购买足球。','2023-11-09 20:11:29'),(170,29,14,'你好  在吗','2023-11-09 20:13:28'),(171,29,NULL,'你好！请问有什么可以帮助你的吗？','2023-11-09 20:13:30'),(172,29,14,'和我聊天','2023-11-09 20:14:52'),(173,29,NULL,'当然，我很愿意和你聊天！你想聊些什么呢？','2023-11-09 20:14:54'),(174,29,14,'给我讲个小故事','2023-11-09 20:17:22'),(175,29,NULL,'从前有一只小鸟，它非常喜欢唱歌。每天清晨，小鸟都会在树枝上鸣叫，为大自然带来美妙的声音。小鸟的歌声如此动听，吸引了许多人们的注意。\n\n有一天，一位音乐家经过小鸟所在的树枝，被小鸟的歌声所打动。他停下脚步，聆听着小鸟的歌声，感受到了前所未有的灵感。音乐家觉得，小鸟的歌声可以成为一首美妙的曲子。\n\n于是，音乐家决定将小鸟的歌声录下来，并用乐器重新演奏出来。他将小鸟的歌声与钢琴、小提琴等乐器的声音结合在一起，创作了一首美妙的乐曲。\n\n这首乐曲传遍了整个城市，人们纷纷被它所感动。小鸟的歌声成为了一首家喻户晓的名曲，而小鸟也成为了城市中备受赞誉的明星。\n\n小鸟并不知道自己的歌声会有如此大的影响力，但它依然坚持每天清晨唱歌。它享受着自己的音乐，也带给了人们无尽的欢乐。\n\n这个故事告诉我们，每个人都有自己独特的才能和价值，就像小鸟的歌声一样。无论我们的才能是否被他人发现，我们都应该坚持做自己喜欢的事情，用自己的特长去影响和感动他人。','2023-11-09 20:17:37'),(176,28,14,'讲个笑话','2023-11-09 20:18:24'),(177,28,NULL,'当一只蜗牛爬上一只乌龟的背上，乌龟问：“你怎么爬上来的？”蜗牛回答：“我爬得很慢，你没注意到。”','2023-11-09 20:18:27'),(178,30,15,'给我讲个故事听听','2023-11-09 20:21:43'),(179,30,NULL,'从前有一个小男孩叫小明，他非常喜欢冒险和探险。有一天，小明听说了一个传说中的宝藏，据说埋藏在一个神秘的岛屿上。小明决定要去寻找这个宝藏。\n\n于是，小明收拾好行囊，带上了他最喜欢的探险工具，乘坐一艘小船出发了。航行了几天后，小明终于来到了那座神秘的岛屿。\n\n岛上充满了茂密的丛林和高耸的山峰，小明觉得这个岛真的很神秘。他开始穿过丛林，跋涉山峰，寻找宝藏的线索。\n\n在岛上的探险过程中，小明遇到了各种各样的困难和挑战。有时候他会迷路，有时候他会遇到危险的动物，但小明从不气馁，他总是坚持下去。\n\n终于有一天，小明发现了一个隐藏在山洞中的宝藏。宝藏闪闪发光，非常漂亮。小明非常兴奋，他觉得这次冒险真的是值得的。\n\n小明把宝藏带回了家，他非常自豪地向家人和朋友展示。大家都为小明感到骄傲，他们觉得小明是一个真正的勇士和冒险家。\n\n从那以后，小明的探险精神更加坚定，他决定要继续探索更多的未知领域。他相信，只要勇敢地面对困难，坚持不懈，就一定能够找到更多的宝藏和奇迹。\n\n这个故事告诉我们，勇敢和坚持是成功的关键。无论遇到多大的困难，只要我们敢于面对，坚持努力，就一定能够达到目标，找到属于自己的宝藏。','2023-11-09 20:21:59'),(180,30,15,'你在吗','2023-11-09 20:33:17'),(181,30,NULL,'是的，我在。有什么我可以帮助你的吗？','2023-11-09 20:33:18'),(182,30,15,'你在吗','2023-11-09 20:33:19'),(183,30,NULL,'是的，我在。有什么我可以帮助你的吗？','2023-11-09 20:33:20'),(184,30,15,'你在吗','2023-11-09 20:33:20'),(185,30,NULL,'是的，我在。有什么我可以帮助你的吗？','2023-11-09 20:33:22'),(186,30,15,'你在吗','2023-11-09 20:33:22'),(187,30,15,'你在吗闲杂','2023-11-09 20:37:07'),(188,30,NULL,'是的，我在。有什么可以帮助您的吗？','2023-11-09 20:37:09'),(189,30,15,'你在吗闲杂','2023-11-09 20:37:09'),(190,30,NULL,'是的，我在。有什么可以帮助你的吗？','2023-11-09 20:37:10'),(191,30,15,'你在吗闲杂','2023-11-09 20:37:11'),(192,30,NULL,'是的，我在的。有什么可以帮助你的吗？','2023-11-09 20:37:12'),(193,31,15,'你好','2023-11-09 22:44:47'),(194,31,NULL,'你好！有什么可以帮到你的吗？','2023-11-09 22:44:49'),(195,31,15,'你叫什么名字','2023-11-09 22:45:01'),(196,31,NULL,'我是AI助手，没有名字。','2023-11-09 22:45:02'),(197,31,15,'你可以唱歌吗','2023-11-09 22:45:21'),(198,31,NULL,'我是一个AI助手，无法唱歌。但是我可以帮助你找到歌曲的歌词或者提供一些音乐推荐。','2023-11-09 22:45:24'),(199,31,15,'给我推荐一些影月','2023-11-09 22:45:31'),(200,31,NULL,'以下是一些值得观看的影月推荐：\n\n1.《月球》(Moon)：一部科幻电影，讲述了一个孤独的月球基地工作人员的故事，以及他发现的一些令人震惊的真相。\n\n2.《阿甘正传》(Forrest Gump)：一部经典电影，讲述了一个智商低下但心地善良的男人的生活故事，他在影响了许多历史事件的同时，也经历了许多个人的成长与挑战。\n\n3.《黑暗骑士》(The Dark Knight)：一部超级英雄电影，讲述了蝙蝠侠与他的宿敌小丑之间的斗争，同时也探讨了正义与道德的边界。\n\n4.《星际穿越》(Interstellar)：一部科幻电影，讲述了一群宇航员穿越星际空间，寻找新的居住地的故事。影片探讨了时间、空间和人类的意义等哲学问题。\n\n5.《少年派的奇幻漂流》(Life of Pi)：一部冒险剧情片，讲述了一个少年与一只孟加拉虎一同漂流在大海上的故事。影片探讨了信仰、生存和人与动物之间的关系。\n\n6.《泰坦尼克号》(Titanic)：一部爱情灾难片，讲述了一对来自不同社会阶层的年轻人在泰坦尼克号上的爱情故事。影片同时也展现了船难的惨痛历史。\n\n7.《盗梦空间》(Inception)：一部科幻动作片，讲述了一群梦境盗贼的故事，他们可以进入他人的梦境并窃取秘密信息。影片探讨了现实与梦境之间的界限。\n\n8.《放牛班的春天》(Les Choristes)：一部法国剧情片，讲述了一位音乐家到一所寄宿学校教授音乐的故事。影片展现了音乐的力量和教育的重要性。\n\n9.《楚门的世界》(The Truman Show)：一部科幻剧情片，讲述了一个男人被封闭在一个巨大电视舞台上的故事，他一直以为自己生活在一个真实的世界，但实际上他是一档电视节目的主角。\n\n10.《美丽心灵》(A Beautiful Mind)：一部传记剧情片，讲述了数学家约翰·纳什的生活故事，他在面对精神疾病的同时，也创造了许多重要的数学理论。','2023-11-09 22:45:56'),(201,31,15,'给我写一段冒泡排序','2023-11-09 22:46:16'),(202,31,NULL,'冒泡排序是一种简单的排序算法，它重复地遍历待排序的元素，比较相邻两个元素的大小，并根据需要交换位置，直到整个序列有序为止。\n\n以下是冒泡排序的代码实现：\n\n```python\ndef bubble_sort(arr):\n    n = len(arr)\n    for i in range(n-1):\n        for j in range(n-i-1):\n            if arr[j] > arr[j+1]:\n                arr[j], arr[j+1] = arr[j+1], arr[j]\n    return arr\n```\n\n在这段代码中，我们使用了两个嵌套的循环。外层循环控制遍历次数，内层循环用于比较相邻元素并进行交换。在每一轮遍历中，我们比较相邻的两个元素，如果前一个元素大于后一个元素，则交换它们的位置。通过这样的比较和交换，每一轮遍历都可以将当前未排序部分的最大元素移动到最后。重复执行这个过程，直到整个序列有序。\n\n你可以将需要排序的数组作为参数传递给`bubble_sort`函数，它将返回一个已排序的数组。例如，`arr = [5, 3, 8, 2, 1]`，调用`bubble_sort(arr)`后，返回的结果将是`[1, 2, 3, 5, 8]`。\n\n希望这段代码能够帮助到你！','2023-11-09 22:46:29'),(203,31,15,'给我推荐一些影月','2023-11-09 22:55:35'),(204,31,15,'给我写一段冒泡排序','2023-11-09 22:55:35'),(205,31,15,'你叫什么名字','2023-11-09 22:55:35'),(206,31,15,'你可以唱歌吗','2023-11-09 22:55:35'),(207,31,15,'你好','2023-11-09 22:55:35'),(208,31,NULL,'我是一个语言模型，没有名字。你可以随意称呼我为AI助手。','2023-11-09 22:55:37'),(209,31,NULL,'我是一个AI助手，没有声音，所以不能唱歌。但是我可以帮助你找到歌曲的歌词或者推荐一些歌曲给你。','2023-11-09 22:55:37'),(210,31,NULL,'以下是一些我可以推荐的影月（Moon影月）：\n\n1. \"Moonlight\"（《月光》）：这是一部2016年的美国剧情片，讲述了一个黑人男孩从童年到成年的故事，他在迈阿密的贫民区成长，并探索了性别、种族和身份的问题。\n\n2. \"La La Land\"（《爱乐之城》）：这是一部2016年的美国音乐剧电影，讲述了一个爱情故事，发生在洛杉矶的现代舞台上。影片以浪漫的爱情和梦想为主题，同时也探索了艺术与现实之间的冲突。\n\n3. \"Gravity\"（《地心引力》）：这是一部2013年的美国科幻惊悚片，讲述了两名宇航员在太空中遭遇事故后的求生故事。影片以令人惊叹的视觉效果和紧张刺激的情节著称，同时也探索了孤独、恐惧和生存的主题。\n\n4. \"Interstellar\"（《星际穿越》）：这是一部2014年的美国科幻冒险片，讲述了一群宇航员穿越虫洞前往外星球寻找新的居住地的故事。影片以宏大的视觉效果和复杂的科学概念闻名，同时也探索了时间、空间和人类的意义。\n\n5. \"Moon\"（《月球》）：这是一部2009年的英国科幻电影，讲述了一个孤独的宇航员在月球基地上度过三年孤独生活的故事。影片以精彩的剧本和出色的表演著称，同时也探索了孤独、身份和人性的主题。\n\n这些影月都是非常优秀的作品，希望你会喜欢！','2023-11-09 22:55:52'),(211,30,15,'你好','2023-11-09 22:55:55'),(212,30,NULL,'你好！有什么我可以帮助你的吗？','2023-11-09 22:55:57'),(213,30,15,'给我画幅画','2023-11-09 22:56:12'),(214,30,15,'给我画个画','2023-11-09 22:57:03'),(215,30,NULL,'很抱歉，我是一个文本AI助手，无法为您提供绘画服务。但是，如果您有任何问题或需要帮助，请随时告诉我，我会尽力为您提供所需的信息和支持。','2023-11-09 22:57:06'),(216,30,15,'给我写一段js','2023-11-09 22:57:16'),(217,30,NULL,'当用户点击按钮时，改变页面上的文本内容。\n\n```javascript\n// 获取按钮元素\nconst button = document.getElementById(\'myButton\');\n// 获取文本元素\nconst text = document.getElementById(\'myText\');\n\n// 添加点击事件监听器\nbutton.addEventListener(\'click\', function() {\n  // 改变文本内容\n  text.textContent = \'按钮被点击了！\';\n});\n```\n\n在上面的代码中，我们首先通过`document.getElementById`方法获取到按钮和文本元素。然后，我们使用`addEventListener`方法为按钮添加了一个点击事件监听器。当按钮被点击时，回调函数会被执行，将文本内容修改为\'按钮被点击了！\'。','2023-11-09 22:57:22'),(218,31,15,'elementui的输入框如何实现密码圆点，并且可以打开看见','2023-11-09 23:01:50'),(219,31,NULL,'在ElementUI中，可以使用`el-input`组件来实现密码输入框。要实现密码圆点效果，可以通过设置`type`属性为`password`来指定输入框类型为密码类型。同时，可以使用`show-password`属性来添加一个切换按钮，用于切换密码的可见性。\n\n以下是一个示例代码：\n\n```html\n<template>\n  <div>\n    <el-input\n      v-model=\"password\"\n      type=\"password\"\n      :show-password=\"showPassword\"\n    ></el-input>\n    <el-button @click=\"togglePasswordVisibility\">\n      {{ showPassword ? \'隐藏密码\' : \'显示密码\' }}\n    </el-button>\n  </div>\n</template>\n\n<script>\nexport default {\n  data() {\n    return {\n      password: \'\',\n      showPassword: false\n    };\n  },\n  methods: {\n    togglePasswordVisibility() {\n      this.showPassword = !this.showPassword;\n    }\n  }\n};\n</script>\n```\n\n在上面的代码中，`v-model`指令用于双向绑定输入框的值。`show-password`属性绑定一个`showPassword`变量，用于控制密码的可见性。`togglePasswordVisibility`方法用于切换密码的可见性。\n\n当点击切换按钮时，会调用`togglePasswordVisibility`方法，该方法会改变`showPassword`变量的值，从而实现密码的可见性切换。\n\n请注意，以上代码需要配合ElementUI的其他组件和样式一起使用，确保已正确引入ElementUI库。','2023-11-09 23:02:01'),(220,33,15,'你可以做什么事','2023-11-09 23:11:06'),(221,33,NULL,'作为一个AI助手，我可以做很多事情，包括但不限于：\n\n1. 回答各种问题：我可以回答关于事实、知识、计算、词义、翻译等方面的问题。\n\n2. 提供信息和建议：我可以提供新闻、天气、股票、旅行、餐厅等方面的信息，并给出建议。\n\n3. 日程管理：我可以帮助你管理日程安排、设置提醒、安排会议等。\n\n4. 语音转文本和文本转语音：我可以将语音转换为文本，也可以将文本转换为语音。\n\n5. 翻译：我可以提供多种语言之间的翻译服务。\n\n6. 娱乐和消遣：我可以讲笑话、玩小游戏、分享有趣的事实等，为你提供娱乐。\n\n7. 学习辅助：我可以帮助你查找学习资料、解答问题、提供学习建议等。\n\n8. 语言学习：我可以帮助你学习和练习不同语言的单词、语法、发音等。\n\n请注意，我是一个AI助手，无法进行实际的物理操作，例如购物、打扫房间等。','2023-11-09 23:11:16'),(222,33,15,'你可以做什么事','2023-11-09 23:11:21'),(223,33,NULL,'我可以回答问题、提供信息、帮助解决问题、进行对话、提供建议、进行翻译、提供娱乐等。请告诉我你需要我做什么。','2023-11-09 23:11:23'),(224,34,15,'给我写一首歌','2023-11-09 23:12:23'),(225,34,NULL,'（歌曲名：追逐）\n\nVerse 1:\n追逐梦想的旅途开始\n心中的火焰熊熊燃烧\n踏上征程，不畏艰难险阻\n一往无前，永不放弃\n\nPre-Chorus:\n梦想的翅膀展开飞翔\n勇敢的心灵不停摇摆\n无论风雨多么凶猛\n我坚信，我会成功\n\nChorus:\n追逐远方的光芒\n奔向属于我的天堂\n无论前路多么艰难\n我愿意勇往直前\n\nVerse 2:\n沿着未知的道路前行\n遇到挫折也不停追寻\n每一次跌倒都是一次成长\n坚持梦想，不停努力\n\nPre-Chorus:\n梦想的翅膀展开飞翔\n勇敢的心灵不停摇摆\n无论风雨多么凶猛\n我坚信，我会成功\n\nChorus:\n追逐远方的光芒\n奔向属于我的天堂\n无论前路多么艰难\n我愿意勇往直前\n\nBridge:\n当黑夜笼罩我的世界\n我会点亮心中的明灯\n不论多么困难的时刻\n我都不会停下脚步\n\nChorus:\n追逐远方的光芒\n奔向属于我的天堂\n无论前路多么艰难\n我愿意勇往直前\n\nOutro:\n追逐梦想的旅途终点\n我会坚持到最后一刻\n因为我相信，我一定能够\n追逐到属于我的辉煌','2023-11-09 23:12:39'),(226,34,15,'vue','2023-11-09 23:14:10'),(227,34,NULL,'Vue.js is a JavaScript framework used for building user interfaces. It is often referred to as a progressive framework, as it allows developers to incrementally adopt its features and scale their applications accordingly. Vue.js is known for its simplicity and ease of use, making it a popular choice for both beginners and experienced developers.\n\nSome key features of Vue.js include:\n\n1. Declarative Rendering: Vue.js uses a template syntax that allows developers to declaratively render the DOM based on the underlying data model.\n\n2. Component-Based Architecture: Vue.js encourages the use of reusable and composable components, making it easy to build complex UIs.\n\n3. Reactive Data Binding: Vue.js provides a simple and efficient way to bind data to the DOM, ensuring that changes in the data are automatically reflected in the UI.\n\n4. Directives: Vue.js comes with a set of built-in directives that allow developers to add dynamic behavior to their applications, such as conditional rendering and event handling.\n\n5. Vue Router: Vue.js has an official routing library called Vue Router, which allows developers to create single-page applications with client-side routing.\n\n6. Vuex: Vue.js provides a state management pattern and library called Vuex, which helps manage the state of an application in a predictable and centralized manner.\n\nOverall, Vue.js is a powerful and flexible framework that enables developers to build modern and responsive web applications.','2023-11-09 23:14:19'),(228,34,15,'vue如何格式化时间','2023-11-09 23:14:44'),(229,34,NULL,'Vue.js本身并没有提供时间格式化的功能，但可以使用JavaScript的内置方法来格式化时间。\n\n1. 使用`Date`对象来创建一个日期对象：\n```javascript\nlet date = new Date();\n```\n\n2. 使用`toLocaleDateString()`方法来获取本地化的日期字符串：\n```javascript\nlet dateString = date.toLocaleDateString();\n```\n\n3. 使用`toLocaleTimeString()`方法来获取本地化的时间字符串：\n```javascript\nlet timeString = date.toLocaleTimeString();\n```\n\n4. 如果需要自定义时间格式，可以使用`Intl.DateTimeFormat`对象来进行格式化：\n```javascript\nlet formatter = new Intl.DateTimeFormat(\'en-US\', { \n  year: \'numeric\', \n  month: \'long\', \n  day: \'numeric\',\n  hour: \'numeric\',\n  minute: \'numeric\',\n  second: \'numeric\'\n});\nlet formattedDate = formatter.format(date);\n```\n\n以上代码会将日期和时间格式化为类似于\"January 1, 2022 12:00:00 PM\"的字符串。\n\n在Vue组件中，可以将上述代码放在计算属性中，然后在模板中使用该计算属性来显示格式化后的时间。例如：\n```javascript\ncomputed: {\n  formattedDate() {\n    let date = new Date();\n    let formatter = new Intl.DateTimeFormat(\'en-US\', { \n      year: \'numeric\', \n      month: \'long\', \n      day: \'numeric\',\n      hour: \'numeric\',\n      minute: \'numeric\',\n      second: \'numeric\'\n    });\n    return formatter.format(date);\n  }\n}\n```\n\n```html\n<template>\n  <div>\n    {{ formattedDate }}\n  </div>\n</template>\n```\n\n这样就可以在页面上显示格式化后的时间了。','2023-11-09 23:14:56'),(230,32,15,'给我写一篇英语短文','2023-11-09 23:15:45'),(231,32,NULL,'Sure! Here\'s a short English essay for you:\n\nTitle: The Importance of Time Management\n\nTime management is a crucial skill that everyone should develop in order to lead a successful and fulfilling life. It involves prioritizing tasks, setting goals, and effectively utilizing the limited time we have each day.\n\nFirstly, time management helps us become more productive. By organizing our tasks and allocating specific time slots for each one, we can ensure that we make the most of our day. This allows us to complete our work efficiently and have more time for leisure activities or personal pursuits. Without proper time management, we may find ourselves constantly rushing to finish tasks at the last minute, leading to stress and subpar results.\n\nSecondly, time management enables us to achieve our goals. By setting specific deadlines and breaking down our goals into smaller, manageable tasks, we can work towards them systematically. This not only helps us stay focused and motivated, but also gives us a sense of accomplishment as we make progress. Without effective time management, our goals may remain mere dreams, as we struggle to find the time and energy to work towards them.\n\nMoreover, time management allows us to maintain a healthy work-life balance. By allocating time for work, family, hobbies, and self-care, we can ensure that we have a well-rounded and fulfilling life. Without proper time management, we may find ourselves constantly overwhelmed by work, neglecting our personal relationships and failing to take care of our physical and mental well-being.\n\nIn conclusion, time management is a vital skill that can greatly impact our lives. It helps us become more productive, achieve our goals, and maintain a healthy work-life balance. By mastering this skill, we can make the most of our limited time and live a more fulfilling and successful life.','2023-11-09 23:15:55'),(232,32,15,'给我写一篇英语短文','2023-11-09 23:16:06'),(233,34,15,'vue','2023-11-09 23:16:06'),(234,34,15,'vue如何格式化时间','2023-11-09 23:16:06'),(235,34,NULL,'Vue可以使用moment.js来格式化时间。\n\n首先，需要安装moment.js依赖：\n\n```bash\nnpm install moment --save\n```\n\n然后，在Vue组件中引入moment.js：\n\n```javascript\nimport moment from \'moment\';\n```\n\n接下来，可以在Vue组件的方法中使用moment.js来格式化时间。例如，假设有一个时间戳变量`timestamp`，我们想要将其格式化为`YYYY-MM-DD HH:mm:ss`的形式：\n\n```javascript\nexport default {\n  data() {\n    return {\n      timestamp: 1612345678\n    };\n  },\n  methods: {\n    formatTimestamp() {\n      return moment(this.timestamp * 1000).format(\'YYYY-MM-DD HH:mm:ss\');\n    }\n  }\n};\n```\n\n在模板中使用`formatTimestamp`方法来显示格式化后的时间：\n\n```html\n<template>\n  <div>\n    {{ formatTimestamp() }}\n  </div>\n</template>\n```\n\n这样就可以在Vue中格式化时间了。','2023-11-09 23:16:14'),(236,34,NULL,'Vue.js is a JavaScript framework for building user interfaces. It is designed to be simple and flexible, allowing developers to create dynamic and interactive web applications. Vue.js uses a virtual DOM (Document Object Model) to efficiently update and render components, making it fast and performant.\n\nSome key features of Vue.js include:\n\n- Declarative rendering: Vue.js uses a template syntax that allows developers to declaratively render the data to the DOM. This makes it easy to understand and maintain the code.\n\n- Component-based architecture: Vue.js encourages the use of reusable and composable components, which can be easily combined to build complex applications.\n\n- Reactive data binding: Vue.js provides a simple and powerful system for binding data to the DOM. When the data changes, the DOM is automatically updated to reflect the new state.\n\n- Directives: Vue.js includes a set of built-in directives that can be used to manipulate the DOM in response to data changes. Directives can be used to conditionally show or hide elements, bind data to attributes, and more.\n\n- Vue Router: Vue.js includes a router that allows developers to build single-page applications with client-side routing. This makes it easy to create navigation between different views in the application.\n\n- Vuex: Vue.js provides a state management library called Vuex, which allows developers to manage the state of their application in a centralized and predictable way.\n\nOverall, Vue.js is a popular and widely-used framework for building modern web applications. It has a large and active community, and is known for its simplicity, performance, and ease of use.','2023-11-09 23:16:16'),(237,32,NULL,'Sure! Here\'s a short English essay for you:\n\nTitle: The Importance of Education\n\nEducation plays a vital role in shaping individuals and societies. It is the key to unlocking one\'s potential and achieving success in life. Education is not limited to academic knowledge; it encompasses a broad range of skills, values, and experiences that contribute to personal growth and development.\n\nFirstly, education equips individuals with the necessary knowledge and skills to navigate the complexities of the modern world. It provides us with the tools to understand and interpret information, enabling us to make informed decisions. Education empowers individuals to think critically, solve problems, and communicate effectively. These skills are essential for success in both personal and professional life.\n\nMoreover, education fosters personal growth and development. It helps individuals discover their passions and interests, allowing them to pursue their dreams and aspirations. Education provides opportunities for self-expression, creativity, and innovation. It encourages individuals to explore their talents and strengths, leading to personal fulfillment and happiness.\n\nFurthermore, education promotes social cohesion and equality. It breaks down barriers and bridges gaps between individuals from different backgrounds and cultures. Education instills values such as tolerance, empathy, and respect for diversity. It creates a sense of community and fosters understanding and cooperation among individuals. Education also plays a crucial role in promoting gender equality and empowering marginalized groups.\n\nIn addition, education is the foundation for economic growth and prosperity. It equips individuals with the skills and knowledge needed to contribute to the workforce and drive innovation. A well-educated population attracts investments, creates job opportunities, and boosts economic development. Education is essential for building a sustainable and prosperous society.\n\nIn conclusion, education is a fundamental right and a powerful tool for personal and societal development. It empowers individuals, promotes social cohesion, and drives economic growth. Investing in education is investing in the future, as it shapes the leaders, innovators, and change-makers of tomorrow. Let us recognize the importance of education and strive to provide equal access to quality education for all.','2023-11-09 23:16:19'),(238,35,15,'给我讲个小故事','2023-11-09 23:17:48'),(239,35,NULL,'从前有一只小鸟，它非常喜欢唱歌。每天清晨，它会站在树枝上，用美妙的歌声唤醒大家。小鸟的歌声如此动听，引来了许多人的赞赏和喜爱。\n\n有一天，小鸟飞到了一个陌生的森林里，它发现这里的动物们都非常忧心忡忡，没有了往日的欢乐和活力。小鸟决定用自己的歌声给大家带来快乐。\n\n小鸟开始唱歌，歌声如同清泉般流淌在森林里。动物们听到了小鸟的歌声，他们的脸上露出了笑容，心情也变得愉快起来。小鸟的歌声温暖了大家的心，给了他们希望和勇气。\n\n从那天起，小鸟每天都会飞到森林里唱歌。动物们变得更加快乐，他们也互相分享着这份快乐。森林里的气氛变得温馨而和谐，大家都感激小鸟带给他们的快乐。\n\n小鸟明白，自己的歌声不仅仅是为了自己，也是为了能够让别人感到快乐。它决定继续用自己的歌声传递爱和温暖，让更多的人们感受到快乐与希望。\n\n这个小故事告诉我们，每个人都有自己独特的才能和价值，我们应该用自己的力量去帮助他人，传递快乐和温暖。无论是多么微小的行动，都有可能改变别人的生活和心情。','2023-11-09 23:18:04'),(240,35,15,'给我讲个小故事','2023-11-09 23:18:21'),(241,35,NULL,'从前有一个小男孩叫小明，他非常喜欢冒险和探索新事物。有一天，他听说了一个神奇的地方叫做“神奇森林”，据说里面充满了神秘和宝藏。\n\n小明决定踏上神奇森林的探险之旅。他穿过茂密的树林，跳过流水，终于来到了神奇森林的入口。小明兴奋地进入了森林，但很快他迷失了方向。\n\n他不知道该往哪个方向走，于是他停下来思考。突然，他看到了一只小松鼠，它正站在一棵树旁边。小明决定跟着小松鼠走，也许它能带他找到出路。\n\n小松鼠领着小明穿过了茂密的森林，经过了一条小溪和一片花海。最终，他们来到了一个巨大的树屋。树屋里住着一个友善的老奶奶，她告诉小明，他已经走了很远的路，离出口很近了。\n\n老奶奶给了小明一张地图，并告诉他如何回到村庄。小明感谢老奶奶的帮助，然后跟着地图上的指示回到了村庄。\n\n回到家后，小明向家人和朋友讲述了他在神奇森林的冒险经历。大家都非常惊讶和羡慕，小明也因此变得更加勇敢和自信。\n\n这个故事告诉我们，当我们迷失方向时，不要害怕寻求帮助。有时候，我们需要依靠他人的指引和帮助才能找到正确的道路。同时，勇敢探索和冒险也能让我们成长和获得更多的经验。','2023-11-09 23:18:39'),(242,36,15,'讲个小故事','2023-11-09 23:23:26'),(243,36,NULL,'从前有一只小猫咪，它叫做小花。小花是一只非常调皮捣蛋的猫咪，它总是到处寻找冒险和好玩的事情。\n\n一天，小花决定探索附近的森林。它跳上树枝，穿越茂密的树叶，很快就迷路了。小花感到有些害怕，但它并没有放弃。它继续向前走，希望能找到回家的路。\n\n突然，小花听到了一声微弱的呜咽声。它顺着声音的方向走去，发现了一只小鸟。小鸟的翅膀受伤了，无法飞翔。小花立刻心生怜悯，它决定帮助小鸟。\n\n小花找来了一片树叶，小心翼翼地将小鸟放在上面。然后，它用嘴巴把小鸟轻轻地送到了离家不远的鸟巢上。小鸟感激地看着小花，它知道自己得救了。\n\n小花终于找到了回家的路，它回到了温暖的家中。它的主人看到小花回来了，非常高兴。小花虽然疲惫不堪，但它心里感到无比的幸福。它知道，即使自己是一只小小的猫咪，但只要用自己的力量去帮助别人，就能带来巨大的喜悦和满足感。\n\n从那天起，小花变得更加善良和勇敢。它明白了一个道理：无论身处何地，只要有爱心和善意，我们都可以成为别人的希望和力量。','2023-11-09 23:23:42'),(244,36,15,'讲个小故事','2023-11-09 23:23:51'),(245,36,NULL,'从前有一只小鸟，它非常喜欢唱歌。每天清晨，它会站在树枝上，用甜美的歌声唤醒大家。小鸟的歌声美妙动听，吸引了许多人们的注意。\n\n有一天，小鸟飞到了一座小城市。这个城市的人们都非常忙碌，没有时间停下来欣赏小鸟的歌声。小鸟感到很失望，但它并没有放弃。\n\n小鸟决定尝试不同的方式来吸引人们的注意。它飞到了公园里，开始跳舞。小鸟展示了它优美的舞姿，但人们仍然没有注意到它。小鸟觉得很沮丧，但它并没有放弃。\n\n接着，小鸟决定尝试一种新的方法。它找到了一块彩色的布料，将它拖到了公园的中央。小鸟开始在布料上跳跃，仿佛在表演一个小剧场。这一次，人们终于注意到了小鸟。\n\n人们围着小鸟，欣赏它的表演。他们发现小鸟不仅会唱歌，还会跳舞。小鸟非常开心，因为它终于得到了人们的关注和赞赏。\n\n从那天开始，小鸟在城市里成了一颗小明星。人们每天都会来公园，等着听小鸟唱歌和看它跳舞。小鸟也变得更加努力，不断学习新的歌曲和舞蹈，给人们带来更多的欢乐。\n\n这个故事告诉我们，有时候我们需要尝试不同的方法来实现自己的目标。当遇到困难时，不要轻易放弃，而是要勇敢地寻找新的途径。只要坚持不懈，我们就能够获得成功，并得到他人的认可和赞赏。','2023-11-09 23:24:08'),(246,37,15,'讲个大故事','2023-11-09 23:26:00'),(247,37,NULL,'从前有一个小村庄，这个村庄被一座高山环绕着，村民们过着宁静平和的生活。然而，这个村庄的村民们却面临着一个巨大的困境——他们的水源渐渐枯竭。\n\n村民们曾经依靠山脚下的一条清澈的溪流获得水源，但最近几年，由于气候变化和人类活动的影响，溪流的水量逐渐减少。村民们开始感到焦虑和恐慌，他们不知道该如何解决这个问题。\n\n于是，村庄的首领决定召集村民们开会商讨解决办法。在会议上，有人提议挖掘井水作为替代方案，但是其他人担心井水的供应也会枯竭。另一位村民建议修建一个水库，但是这需要巨大的资金和劳动力，村庄的资源有限。\n\n就在大家纷纷讨论的时候，一个年轻的村民站了出来。他叫做小明，他是一个勇敢和聪明的年轻人。小明提议，为了解决水源问题，他愿意带领一支探险队，攀登山脉寻找新的水源。\n\n村民们对小明的提议感到震惊和欣赏，他们知道攀登这座高山是非常危险的，但他们也明白这是他们唯一的希望。于是，小明组织了一支由几个勇敢的村民组成的探险队，他们装备精良，带着足够的食物和水，开始了他们的探险之旅。\n\n探险队经历了艰苦的攀登，他们面对险峻的山峰、陡峭的悬崖和严寒的天气。他们遭遇了野生动物的袭击，也遇到了一些无法逾越的障碍。然而，他们没有放弃，他们相互鼓励，坚持不懈地向前。\n\n终于，在探险队几乎筋疲力尽的时候，他们发现了一条清澈的溪流。这条溪流从山顶流下，水量充足，可以满足整个村庄的需求。探险队欣喜若狂，他们立即开始采集水样并标记路线，以便带回给村庄的村民。\n\n当探险队返回村庄时，村民们早已等候多时。他们欢呼雀跃，为探险队员们鼓掌致敬。小明和他的队友们成为了村庄的英雄，他们的勇敢和决心给了村民们希望和勇气。\n\n村民们利用这条新的水源，开始恢复村庄的生活。他们种植更多的农作物，养殖更多的动物，村庄的经济逐渐繁荣起来。小明也成为了村庄的领袖，他带领村民们制定了一系列环保政策，保护水源和山脉的生态环境。\n\n这个故事告诉我们，勇敢和决心可以战胜困难。无论面对多么艰巨的挑战，只要我们坚持不懈，相信自己，就一定能够找到解决问题的方法。同时，我们也应该珍惜和保护我们的自然资源，以确保我们和后代能够继续享受美好的生活。','2023-11-09 23:26:34'),(248,37,15,'讲个大故事','2023-11-09 23:26:40'),(249,37,NULL,'从前有一个国家，名叫艾尔达。艾尔达是一个富饶繁荣的国家，拥有美丽的自然风光和先进的科技。人民生活富足，国家和谐稳定。\n\n然而，艾尔达的繁荣并没有持续太久。一天，一股邪恶势力突然出现，他们自称为黑暗势力。黑暗势力的领袖是一位名叫马尔斯的恶魔，他渴望统治整个艾尔达，并将其变成一个黑暗的地狱。\n\n马尔斯和他的手下开始摧毁艾尔达的城镇和村庄，掠夺人民的财富，摧毁他们的希望和梦想。人民们感到绝望和恐惧，他们不知道如何对抗这股邪恶势力。\n\n然而，在这个黑暗的时刻，一个年轻的冒险家出现了。他名叫亚历克斯，是一个普通的村民，但他有着坚定的信念和勇气。亚历克斯决定挺身而出，带领人民对抗黑暗势力，恢复艾尔达的和平与繁荣。\n\n亚历克斯开始寻找英雄们，他们是被称为守护者的勇士，拥有各自独特的能力和技能。亚历克斯与守护者们一起组成了一个团队，他们共同制定了对抗黑暗势力的计划。\n\n他们穿越艾尔达的各个角落，与黑暗势力进行激烈的战斗。亚历克斯展现出了出色的领导才能和战斗技巧，他鼓舞人民，让他们重新燃起希望。\n\n经过一系列的战斗和牺牲，亚历克斯和守护者们最终击败了马尔斯和黑暗势力。艾尔达恢复了和平，人民们重建了他们的家园。\n\n亚历克斯成为了艾尔达的英雄，人民们对他充满了感激和敬仰。他的勇气和毅力成为了传说，激励着艾尔达的未来一代。\n\n这个故事告诉我们，无论面对多么强大的困难和邪恶，只要我们有勇气和信念，就能战胜一切。勇敢的领导者和团队合作是实现伟大事业的关键。艾尔达的故事也提醒我们珍惜和平与繁荣，努力保护我们所珍视的价值。','2023-11-09 23:27:04'),(250,38,15,'vue的原理','2023-11-09 23:30:04'),(251,38,NULL,'Vue.js是一种用于构建用户界面的JavaScript框架。它的核心原理是基于响应式数据绑定和虚拟DOM。\n\n1. 响应式数据绑定：Vue.js使用了一种称为“响应式数据绑定”的机制，它能够自动追踪数据的变化，并在数据变化时更新相关的视图。当数据发生改变时，Vue.js能够自动更新对应的DOM元素，从而实现了数据和视图的同步更新。\n\n2. 虚拟DOM：Vue.js使用虚拟DOM来提高性能。虚拟DOM是一个轻量级的JavaScript对象，它是对真实DOM的一种抽象表示。当数据发生变化时，Vue.js会生成一个新的虚拟DOM树，并与旧的虚拟DOM树进行比较，找出差异。然后，Vue.js只会更新发生变化的部分，而不是整个DOM树，从而提高了性能。\n\n3. 组件化开发：Vue.js支持组件化开发，将页面拆分成多个独立的组件，每个组件都有自己的数据和视图。组件可以嵌套使用，形成一个组件树。当数据发生变化时，只会重新渲染发生变化的组件及其子组件，而不会重新渲染整个页面，从而提高了性能和代码的可维护性。\n\n4. 指令和插件：Vue.js提供了一系列的指令和插件，用于扩展和增强其功能。指令是一种特殊的HTML属性，用于给DOM元素添加特定的行为。插件是一种扩展机制，可以用于在Vue.js中添加全局功能或者给组件提供额外的功能。\n\n总结来说，Vue.js的原理是基于响应式数据绑定和虚拟DOM，通过追踪数据的变化并使用虚拟DOM进行高效的DOM操作，实现了数据和视图的同步更新。同时，Vue.js还支持组件化开发和提供了一系列的指令和插件，用于扩展和增强其功能。','2023-11-09 23:30:21'),(252,38,15,'vue的原理','2023-11-09 23:30:33'),(253,38,NULL,'Vue.js 是一种用于构建用户界面的渐进式JavaScript 框架。它的核心原理是使用虚拟DOM（Virtual DOM）来实现高效的界面更新。\n\n以下是Vue.js的主要原理：\n\n1. 虚拟DOM：Vue.js使用虚拟DOM来表示用户界面。虚拟DOM是一个轻量级的JavaScript对象，它是对真实DOM的抽象表示。当数据发生变化时，Vue.js会通过比较新旧虚拟DOM的差异来确定需要更新的部分，然后只更新这些部分，而不是整个页面。\n\n2. 响应式系统：Vue.js使用响应式系统来跟踪数据的变化。当数据发生变化时，Vue.js会自动更新相关的虚拟DOM和真实DOM。这是通过使用Object.defineProperty()方法来劫持数据的访问和修改，从而实现数据的响应式更新。\n\n3. 组件化开发：Vue.js将用户界面划分为独立的组件，每个组件都有自己的状态和视图。组件可以嵌套在其他组件中，形成复杂的应用程序。Vue.js使用组件化开发的方式，使得代码更加模块化、可复用和易于维护。\n\n4. 指令系统：Vue.js提供了一套指令系统，用于扩展HTML的功能。指令是以v-开头的特殊属性，用于在模板中添加一些交互和动态行为。常见的指令有v-if、v-for、v-bind和v-on等。\n\n5. 生命周期钩子：Vue.js提供了一些生命周期钩子函数，用于在组件的不同阶段执行特定的代码。例如，created钩子函数在组件实例被创建后立即执行，mounted钩子函数在组件被挂载到DOM后执行。\n\n总结来说，Vue.js的原理是通过虚拟DOM、响应式系统、组件化开发、指令系统和生命周期钩子等特性，实现了高效的界面更新和开发体验。这些原理使得Vue.js成为一种强大而灵活的前端框架。','2023-11-09 23:30:50'),(254,39,15,'讲个夜间故事','2023-11-09 23:40:36'),(255,39,NULL,'好的，这是一个关于一个小女孩和她的猫咪的故事。\n\n从前，有一个小女孩叫莉莉。莉莉是一个非常善良和聪明的女孩，她有一只名叫小米的可爱猫咪。每天晚上，当太阳落下，星星点亮了夜空，莉莉和小米就开始了他们的冒险之旅。\n\n一天晚上，莉莉和小米在家里玩得非常开心，突然，他们听到了一个奇怪的声音。他们跟着声音走到了花园里，发现了一个神奇的门。莉莉好奇地打开了门，他们进入了一个充满了魔法的世界。\n\n在这个神奇的世界里，有各种各样的奇妙生物和植物。莉莉和小米遇到了一只会说话的树木精灵，他告诉他们这个世界被邪恶的巫婆困住了，需要他们的帮助。\n\n莉莉和小米毫不犹豫地答应了，并开始了他们的冒险。他们穿过了茂密的森林，爬上了陡峭的山脉，最终来到了巫婆的城堡。\n\n城堡里充满了各种陷阱和魔法，但是莉莉和小米相互帮助，克服了所有的困难。他们找到了困住巫婆的魔法宝石，摧毁了它，解救了被困的生物们。\n\n当他们回到家中时，太阳已经升起，新的一天开始了。莉莉和小米感到非常骄傲和满足，因为他们帮助了那些需要帮助的人和生物。\n\n从那以后，莉莉和小米成为了这个神奇世界的守护者，每天晚上，他们都会踏上新的冒险之旅，帮助那些需要帮助的人。\n\n这就是莉莉和小米的夜间冒险故事。希望你喜欢这个故事，并且做一个善良和勇敢的人，帮助那些需要帮助的人。晚安！','2023-11-09 23:40:58'),(256,39,15,'讲个夜间故事','2023-11-09 23:41:05'),(257,39,NULL,'好的，这是一个关于一只小兔子的夜间故事。\n\n从前有一只名叫小兔子的小动物，他非常喜欢探险。一天晚上，当月亮高挂在天空时，小兔子决定去探索森林。他穿过茂密的树林，经过一片草地，来到了一个神秘的洞穴。\n\n小兔子好奇地走进洞穴，发现里面非常暗。但是，他勇敢地继续前进。突然，他听到了一阵微弱的声音，是来自洞穴深处的声音。小兔子跟着声音，发现了一只受伤的小鸟。\n\n小兔子心怀善意，立刻找来了一片柔软的树叶，小心地包扎住小鸟的伤口，并为它找来了一些水和食物。小鸟非常感激地说：“谢谢你，小兔子，你救了我的命。”\n\n小兔子微笑着说：“不用客气，帮助别人是我的快乐。”他们成为了好朋友，一起度过了美好的夜晚。\n\n接下来的夜晚，小兔子和小鸟一起探索了森林的每一个角落。他们发现了一座神奇的瀑布、一片美丽的花海，还有一只友善的蝴蝶。他们玩得非常开心，忘记了时间。\n\n当夜晚渐渐过去，天空开始亮起来，小兔子和小鸟意识到他们该回家了。他们互相道别，承诺下次再见面。\n\n回到家中，小兔子躺在床上，回想起今晚的冒险，他感到非常满足和幸福。他明白到，友谊和帮助别人是多么重要，它们能够带给人们无尽的快乐和美好的回忆。\n\n小兔子闭上眼睛，进入了美好的梦乡，期待着明天的新冒险。','2023-11-09 23:41:24'),(258,39,15,'在吗','2023-11-09 23:45:58'),(259,39,NULL,'是的，有什么可以帮助您的吗？','2023-11-09 23:45:59'),(260,39,15,'在吗','2023-11-09 23:46:15'),(261,39,NULL,'是的，我在。有什么我可以帮助您的吗？','2023-11-09 23:46:18'),(262,39,15,'你好','2023-11-09 23:47:34'),(263,39,NULL,'你好！有什么我可以帮助你的吗？','2023-11-09 23:47:35'),(264,39,15,'你好','2023-11-09 23:47:48'),(265,39,NULL,'你好！有什么我可以帮助你的吗？','2023-11-09 23:47:50'),(266,41,15,'你好你好阿','2023-11-09 23:53:02'),(267,41,NULL,'你好！有什么可以帮助你的吗？','2023-11-09 23:53:04'),(268,41,15,'你好你好阿','2023-11-09 23:53:10'),(269,41,NULL,'你好！有什么我可以帮助你的吗？','2023-11-09 23:53:11'),(270,42,15,'喵喵喵','2023-11-09 23:54:17'),(271,42,NULL,'喵喵喵喵喵喵喵喵喵喵喵喵喵喵喵喵喵喵喵喵喵喵喵喵喵喵喵喵喵喵喵喵喵喵喵喵喵喵喵喵喵喵喵喵喵喵喵喵喵喵喵喵喵喵喵喵喵喵喵喵喵喵喵喵喵喵喵喵喵喵喵喵喵喵喵喵喵喵喵喵喵喵喵喵喵喵喵喵喵喵喵喵喵喵喵喵喵喵喵喵喵喵喵喵喵喵喵喵喵喵喵喵喵喵喵喵喵喵喵喵喵喵喵喵喵喵喵喵喵喵喵喵喵喵喵喵喵喵喵喵喵喵喵喵喵喵喵喵喵喵喵喵喵喵喵喵喵喵喵喵喵喵喵喵喵喵喵喵喵喵喵喵喵喵喵喵喵喵喵喵喵喵喵喵喵喵喵喵喵喵喵喵喵喵喵喵喵喵喵喵喵喵喵喵喵喵喵喵喵喵喵喵喵喵喵喵喵喵喵喵喵喵喵喵喵喵喵喵喵喵喵喵喵喵喵喵喵喵喵喵喵喵喵喵喵喵喵喵喵喵喵喵喵喵喵喵喵喵喵喵喵喵喵喵喵喵喵喵喵喵喵喵喵喵喵喵喵喵喵喵喵喵喵喵喵喵喵喵喵喵喵喵喵喵喵喵喵喵喵喵喵喵喵喵喵喵喵喵喵喵喵喵喵喵喵喵喵喵喵喵喵喵喵喵喵喵喵喵喵喵喵喵喵喵喵喵喵喵喵喵喵喵喵喵喵喵喵喵喵喵喵喵喵喵喵喵喵喵喵喵喵喵喵喵喵喵喵喵喵喵喵喵喵喵喵喵喵喵喵喵喵喵喵喵喵喵喵喵喵喵喵喵喵喵喵喵喵喵喵喵喵喵喵喵喵喵喵喵喵喵喵喵喵喵喵喵喵喵喵喵喵喵喵喵喵喵喵喵喵喵喵喵喵喵喵喵喵喵喵喵喵喵喵喵喵喵喵喵喵喵喵喵喵喵喵喵喵喵喵喵喵喵喵喵喵喵喵喵喵喵喵喵喵喵喵喵喵喵喵喵喵喵喵喵喵喵喵喵喵喵喵喵喵喵喵喵喵喵喵喵喵喵喵喵喵喵喵喵喵喵喵喵喵喵喵喵喵喵喵喵喵喵喵喵喵喵喵喵喵喵喵喵喵喵喵喵喵喵喵喵喵喵喵喵喵喵喵喵喵喵喵喵喵喵喵喵喵喵喵喵喵喵喵喵喵喵喵喵喵喵喵喵喵喵喵喵喵喵喵喵喵喵喵喵喵喵喵喵喵喵喵喵喵喵喵喵喵喵喵喵喵喵喵喵喵喵喵喵喵喵喵喵喵喵喵喵喵喵喵喵喵喵喵喵喵喵喵喵喵喵喵喵喵喵喵喵喵喵喵喵喵喵喵喵喵喵喵喵喵喵喵喵喵喵喵喵喵喵喵喵喵喵喵喵喵喵喵喵喵喵喵喵喵喵喵喵喵喵喵喵喵喵喵喵喵喵喵喵喵喵喵喵喵喵喵喵喵喵喵喵喵喵喵喵喵喵喵喵喵喵喵喵喵喵喵喵喵喵喵喵喵喵喵喵喵喵喵喵喵喵喵喵喵喵喵喵喵喵喵喵喵喵喵喵喵喵喵喵喵喵喵喵喵喵喵喵喵喵喵喵喵喵喵喵喵喵喵喵喵喵喵喵喵喵喵喵喵喵喵喵喵喵喵喵喵喵喵喵喵喵喵喵喵喵喵喵喵喵喵喵喵喵喵喵喵喵喵喵喵喵喵喵喵喵喵喵喵喵喵喵喵喵喵喵喵喵喵喵喵喵喵喵喵喵喵喵喵喵喵喵喵喵喵喵喵喵喵喵喵喵喵喵喵喵喵喵喵喵喵喵喵喵喵喵喵喵喵喵喵喵喵喵喵喵喵喵喵喵喵喵喵喵喵喵喵喵喵喵喵喵喵喵喵喵喵喵喵喵喵喵喵喵喵喵喵喵喵喵喵喵喵喵喵喵喵喵喵喵喵喵喵喵喵喵喵喵喵喵喵喵喵喵喵喵喵喵喵喵喵喵喵喵喵喵喵喵喵喵喵喵喵喵喵喵喵喵喵喵喵喵喵喵喵喵喵喵喵喵喵喵喵喵喵喵喵喵喵喵喵喵喵喵喵喵喵喵喵喵喵喵喵喵喵喵喵喵喵喵喵喵','2023-11-09 23:55:11'),(272,42,15,'喵喵喵','2023-11-09 23:55:55'),(273,42,NULL,'喵喵喵，你好！有什么我可以帮助你的吗？','2023-11-09 23:55:57'),(274,43,15,'在吗','2023-11-10 00:16:43'),(275,43,NULL,'是的，有什么我可以帮助您的吗？','2023-11-10 00:16:45'),(276,43,15,'在吗','2023-11-10 00:17:37'),(277,43,NULL,'是的，有什么可以帮助您的吗？','2023-11-10 00:17:39'),(278,43,15,'在吗','2023-11-10 00:18:59'),(279,43,NULL,'是的，我在。有什么我可以帮助您的吗？','2023-11-10 00:19:01'),(280,44,15,'在吗你','2023-11-10 00:19:13'),(281,44,NULL,'是的，我在。有什么我可以帮助你的吗？','2023-11-10 00:19:14'),(282,44,15,'在吗你','2023-11-10 00:19:15'),(283,44,NULL,'是的，我在。有什么我可以帮助你的吗？','2023-11-10 00:19:17'),(284,44,15,'在吗你','2023-11-10 00:19:18'),(285,45,15,'嘀嘀嘀','2023-11-10 00:21:15'),(286,45,NULL,'嘀嘀嘀是一种声音的拟声词，通常用来模仿钟表或者电话等设备发出的声音。在中文中，嘀嘀嘀也可以用来形容连续不断的声音或者快速的节奏。','2023-11-10 00:21:18'),(287,46,15,'在吗在吗你','2023-11-10 00:22:10'),(288,46,15,'在吗在吗你','2023-11-10 00:22:19'),(289,46,NULL,'我在，有什么可以帮助你的吗？','2023-11-10 00:22:20'),(290,47,15,'你叫什么名字','2023-11-10 00:22:59'),(291,47,NULL,'我是GPT-3，一个人工智能助手。我没有真实的名字，但你可以称呼我为Assistant。请问有什么我可以帮助你的吗？','2023-11-10 00:23:01'),(292,48,15,'在吗','2023-11-10 00:31:55'),(293,48,15,'你好','2023-11-10 00:32:49'),(294,48,15,'你好你好','2023-11-10 00:35:19'),(295,49,15,'123','2023-11-10 00:37:02'),(296,49,15,'你好','2023-11-10 00:37:51'),(297,50,15,'你你你号','2023-11-10 00:40:44'),(298,51,15,'你好','2023-11-10 00:46:34'),(299,51,15,'你好你好','2023-11-10 00:51:24'),(300,51,15,'你好你好','2023-11-10 00:51:34'),(301,52,15,'你好','2023-11-10 14:37:40'),(302,45,15,'你好','2023-11-10 14:38:32'),(303,53,15,'你好你好嘀嘀嘀','2023-11-10 14:41:00'),(304,54,15,'在吗','2023-11-10 15:14:34'),(305,54,NULL,'是的，我在。有什么我可以帮助您的吗？','2023-11-10 15:14:36'),(306,54,15,'给我个英语短文','2023-11-10 15:14:44'),(307,54,NULL,'Sure! Here\'s a short English paragraph:\n\nI woke up early in the morning and went for a run in the park. The fresh air and the sound of birds chirping energized me. After my run, I came back home and made myself a healthy breakfast. Then, I sat down to work on my assignments for the day. As the day progressed, I completed my tasks one by one, feeling a sense of accomplishment. In the evening, I met up with my friends for a cup of coffee and we had a great time catching up. Finally, I returned home, relaxed with a book, and went to bed, looking forward to the next day.','2023-11-10 15:14:48'),(308,54,15,'在吗','2023-11-10 15:24:19'),(309,54,NULL,'是的，有什么我可以帮助您的吗？','2023-11-10 15:24:20'),(310,54,15,'在吗','2023-11-10 15:24:21'),(311,54,NULL,'是的，有什么我可以帮助您的吗？','2023-11-10 15:24:23'),(312,54,15,'在吗','2023-11-10 15:24:23'),(313,54,NULL,'是的，我在。有什么我可以帮助你的吗？','2023-11-10 15:24:25'),(314,54,15,'在吗','2023-11-10 15:24:25'),(315,38,15,'在吗','2023-11-10 15:26:32'),(316,38,NULL,'是的，我在。有什么我可以帮助你的吗？','2023-11-10 15:26:34'),(317,38,15,'在吗','2023-11-10 15:26:34'),(318,38,NULL,'是的，我在。有什么我可以帮助你的吗？','2023-11-10 15:26:36'),(319,38,15,'在吗','2023-11-10 15:26:36'),(320,38,NULL,'是的，我在。有什么我可以帮助您的吗？','2023-11-10 15:26:38'),(321,38,15,'在吗','2023-11-10 15:26:39'),(322,55,15,'你好','2023-11-10 15:28:18'),(323,55,15,'你好','2023-11-10 15:28:21'),(324,55,NULL,'你好！有什么我可以帮助你的吗？','2023-11-10 15:28:23'),(325,55,15,'你好','2023-11-10 15:28:23'),(326,55,NULL,'你好！有什么我可以帮助你的吗？','2023-11-10 15:28:25'),(327,55,15,'你好','2023-11-10 15:28:25'),(328,55,15,'写段英语小短文','2023-11-10 15:30:36'),(329,55,NULL,'Once upon a time, in a small village nestled in the mountains, there lived a young girl named Lily. Lily was known for her kind heart and adventurous spirit. She loved exploring the forests surrounding the village, discovering hidden treasures and observing the wonders of nature.\n\nOne sunny morning, as Lily set out on her usual adventure, she stumbled upon a wounded bird with a broken wing. Feeling a rush of empathy, she carefully picked up the bird and cradled it in her hands. Lily knew she had to help the bird, so she decided to take it home.\n\nLily gently placed the bird in a cozy box filled with soft leaves and grass. She named it Sunny, as its feathers shimmered like the sun. Determined to nurse Sunny back to health, Lily researched different ways to care for injured birds. She learned how to make a splint for the broken wing and fed Sunny a diet of nutritious seeds and fruits.\n\nDay after day, Lily dedicated herself to Sunny\'s recovery. She spent hours talking to the bird, telling it stories and singing lullabies. Sunny seemed to understand, chirping softly in response. Their bond grew stronger each passing day.\n\nAs weeks went by, Sunny\'s wing slowly healed. It was time for Lily to release the bird back into the wild. With a heavy heart, she opened the box and watched Sunny take flight, soaring high into the sky. Lily felt a mix of sadness and joy, knowing that she had helped Sunny return to its natural habitat.\n\nFrom that day on, Lily became known as the village\'s bird whisperer. People would bring her injured birds, and she would nurse them back to health with her gentle touch and loving care. Lily\'s compassion and love for animals inspired others to treat nature\'s creatures with kindness and respect.\n\nLily\'s story spread far and wide, and she became a symbol of hope and compassion in her village. She taught everyone that even the smallest acts of kindness can make a big difference in the world. And so, Lily continued her adventures, forever grateful for the opportunity to help and protect the beautiful creatures that shared her world.','2023-11-10 15:30:48'),(330,55,15,'在给我写个英语短文','2023-11-10 15:36:21'),(331,55,NULL,'Sure! Here\'s a short English essay for you:\n\nTitle: The Importance of Education\n\nEducation plays a crucial role in shaping individuals and societies. It is the key to unlocking one\'s potential and opening doors to a brighter future. In this essay, we will explore the significance of education and how it impacts our lives.\n\nFirstly, education equips us with knowledge and skills necessary for success. It empowers us to think critically, solve problems, and make informed decisions. Through education, we gain a deeper understanding of various subjects, such as mathematics, science, literature, and history. This knowledge broadens our perspectives and enables us to contribute meaningfully to society.\n\nMoreover, education fosters personal growth and development. It helps us discover our passions and interests, allowing us to pursue careers that align with our strengths. Education also instills values like discipline, perseverance, and empathy, which are essential for personal and professional success. By nurturing these qualities, education molds us into well-rounded individuals capable of making positive contributions to our communities.\n\nFurthermore, education promotes social equality and reduces poverty. It provides equal opportunities for individuals from all backgrounds, regardless of their socioeconomic status. By ensuring access to quality education, societies can bridge the gap between the rich and the poor, empowering individuals to break free from the cycle of poverty. Education also promotes tolerance and understanding, fostering a harmonious and inclusive society.\n\nLastly, education is a lifelong process. It does not end with formal schooling but continues throughout our lives. We should actively seek opportunities to learn and grow, whether through higher education, vocational training, or self-study. Lifelong learning not only keeps our minds sharp but also enables us to adapt to a rapidly changing world.\n\nIn conclusion, education is a fundamental right that should be accessible to all. It equips us with knowledge, skills, and values necessary for personal and societal growth. Education promotes equality, reduces poverty, and creates a better future for individuals and communities. Let us recognize the importance of education and strive to make it a priority in our lives and societies.','2023-11-10 15:36:32'),(332,55,15,'写一段英语笑话','2023-11-10 15:38:20'),(333,55,NULL,'Why don\'t scientists trust atoms?\nBecause they make up everything!','2023-11-10 15:38:22'),(334,55,15,'写一段英文短文，并且后面配上翻译','2023-11-10 15:38:57'),(335,55,NULL,'Once upon a time, in a small village nestled in the mountains, there lived a young girl named Lily. Lily was known for her kind heart and gentle nature. She always went out of her way to help others and was loved by everyone in the village.\n\nOne day, a terrible storm hit the village. The rain poured heavily, and the wind howled fiercely. The villagers were scared and didn\'t know what to do. But Lily, being the brave girl she was, decided to take charge.\n\nShe gathered the villagers in the village square and assigned them tasks. Some were tasked with collecting food and supplies, while others were assigned to reinforce the houses. Lily herself took charge of rescuing the animals in danger.\n\nWith her determination and leadership, the villagers worked together tirelessly to overcome the challenges brought by the storm. They managed to save all the animals and ensure everyone\'s safety.\n\nAfter the storm had passed, the villagers gathered to express their gratitude to Lily. They praised her for her bravery and selflessness. Lily humbly accepted their praises and thanked them for their support.\n\nFrom that day on, Lily became a symbol of hope and inspiration in the village. Her story spread far and wide, inspiring others to be kind and brave like her.\n\n故事发生在一个坐落在山中的小村庄里，住着一个名叫莉莉的小女孩。莉莉以其善良的心灵和温柔的性格而闻名。她总是尽力帮助别人，深受村庄里每个人的喜爱。\n\n有一天，一场可怕的暴风雨袭击了村庄。雨水倾泻而下，风声凶猛。村民们都感到害怕，不知道该怎么办。但是莉莉，作为一个勇敢的女孩，决定主动出击。\n\n她把村民们聚集在村庄广场上，并分配了任务。一些人负责收集食物和物资，而其他人则负责加固房屋。莉莉自己则负责营救那些处于危险中的动物。\n\n在她的决心和领导下，村民们团结一致，不知疲倦地共同克服了暴风雨带来的挑战。他们设法拯救了所有的动物，确保了每个人的安全。\n\n暴风雨过去后，村民们聚集在一起，向莉莉表达了他们的感激之情。他们称赞她的勇敢和无私。莉莉谦虚地接受了他们的赞美，并感谢他们的支持。\n\n从那天起，莉莉在村庄里成为了希望和鼓舞的象征。她的故事传播得四海八方，激励着其他人像她一样善良和勇敢。','2023-11-10 15:39:17'),(336,55,15,'给我讲个中文笑话','2023-11-10 15:39:42'),(337,55,NULL,'好的，给你讲一个中文笑话。\n\n有一天，小明去参加一个面试。面试官问他：“小明，你最大的优点是什么？”小明想了一下，然后回答：“我最大的优点就是我不会撒谎。”面试官听了很高兴，继续问：“那你最大的缺点是什么？”小明深思熟虑后回答：“我最大的缺点就是，我撒谎。”','2023-11-10 15:39:47'),(338,55,15,'给我写一个冒泡排序，用java','2023-11-10 15:40:17'),(339,55,NULL,'当然可以！以下是一个用Java编写的冒泡排序算法示例：\n\n```java\npublic class BubbleSort {\n    public static void main(String[] args) {\n        int[] arr = {5, 2, 8, 12, 3};\n        bubbleSort(arr);\n        System.out.println(\"排序结果：\");\n        for (int num : arr) {\n            System.out.print(num + \" \");\n        }\n    }\n\n    public static void bubbleSort(int[] arr) {\n        int n = arr.length;\n        for (int i = 0; i < n - 1; i++) {\n            for (int j = 0; j < n - i - 1; j++) {\n                if (arr[j] > arr[j + 1]) {\n                    // 交换arr[j]和arr[j + 1]\n                    int temp = arr[j];\n                    arr[j] = arr[j + 1];\n                    arr[j + 1] = temp;\n                }\n            }\n        }\n    }\n}\n```\n\n这个示例中，我们定义了一个`bubbleSort`方法来执行冒泡排序。在主方法中，我们创建了一个整数数组`arr`，并将其传递给`bubbleSort`方法进行排序。排序完成后，我们使用循环遍历并打印排序结果。\n\n冒泡排序的基本思想是通过相邻元素之间的比较和交换来将最大的元素逐步“冒泡”到数组的末尾。外层循环控制每一轮的比较次数，内层循环用于相邻元素的比较和交换。','2023-11-10 15:40:27'),(340,55,15,'给我用markdown语法写一个任务规划','2023-11-10 15:42:05'),(341,55,NULL,'# 任务规划\n\n## 目标\n制定一个任务规划，以确保项目按时完成。\n\n## 任务列表\n1. 确定项目需求\n   - 与客户沟通，明确项目目标和需求\n   - 编写需求文档\n\n2. 制定项目计划\n   - 确定项目的时间范围\n   - 划分项目阶段和里程碑\n   - 安排团队成员的工作任务\n\n3. 进行项目开发\n   - 设计项目架构和数据库结构\n   - 开发项目的核心功能模块\n   - 进行单元测试和集成测试\n\n4. 进行项目测试\n   - 进行系统测试，确保项目功能完整\n   - 进行性能测试，优化项目的运行效率\n   - 进行用户验收测试，修复bug\n\n5. 完成项目部署\n   - 部署项目到服务器\n   - 配置环境和数据库\n   - 进行最终测试，确保项目能够正常运行\n\n6. 项目验收\n   - 与客户进行最终验收\n   - 确认项目的交付和付款事宜\n\n## 时间安排\n- 阶段1：确定项目需求（2天）\n- 阶段2：制定项目计划（1天）\n- 阶段3：进行项目开发（10天）\n- 阶段4：进行项目测试（5天）\n- 阶段5：完成项目部署（2天）\n- 阶段6：项目验收（1天）\n\n## 注意事项\n- 每个阶段完成后，及时与团队成员进行沟通和协调\n- 遇到问题及时解决，确保项目进度不受影响\n- 随时调整计划，根据实际情况进行灵活安排','2023-11-10 15:42:19'),(342,55,15,'写个英语小短文','2023-11-10 15:47:49'),(343,55,NULL,'Once upon a time, in a small village nestled among the mountains, there lived a young girl named Lily. She had a deep passion for nature and spent most of her time exploring the lush forests and meadows surrounding her home.\n\nOne sunny day, while wandering through the woods, Lily stumbled upon a hidden waterfall. The sound of rushing water and the sight of sparkling droplets mesmerized her. She couldn\'t resist the urge to get closer and explore further.\n\nAs she approached the waterfall, she noticed a small, injured bird lying on a rock. Lily\'s heart filled with compassion, and she carefully picked up the bird and cradled it in her hands. She knew she had to help the little creature.\n\nLily rushed back home and gently placed the bird in a cozy nest she had prepared. She tended to its wounds and fed it with small pieces of fruit. Days turned into weeks, and the bird gradually regained its strength.\n\nDuring this time, Lily developed a deep bond with the bird. They spent hours together, exploring the village and enjoying the beauty of nature. The bird would often perch on Lily\'s shoulder, chirping happily.\n\nOne day, as Lily and the bird were exploring a nearby meadow, they noticed a group of villagers gathered around a large tree. Curiosity sparked within them, and they hurried over to see what was happening.\n\nTo their dismay, they discovered that the tree was dying. Its branches were withered, and its leaves had turned brown. The villagers were worried that their beloved tree would soon be lost forever.\n\nLily couldn\'t bear to see the tree suffer. She knew she had to do something. Inspired by the bird\'s recovery, she decided to use her knowledge of nature to save the tree.\n\nShe gathered seeds, water, and fertilizer and began nurturing the tree back to health. Every day, she would visit the tree, providing it with the care and attention it needed. Slowly but surely, the tree started to regain its vitality.\n\nNews of Lily\'s efforts spread throughout the village, and soon, the villagers joined her in taking care of the tree. Together, they formed a community garden, planting flowers, vegetables, and trees. The village bloomed with life and became a haven for both humans and animals.\n\nLily\'s act of kindness not only saved the tree but also brought the villagers closer together. They learned the importance of caring for nature and the power of unity.\n\nFrom that day forward, Lily became known as the village\'s guardian of nature. Her love for the environment continued to inspire others, reminding them of the beauty and importance of the world around them.\n\nAnd so, Lily and the bird lived happily ever after, surrounded by a thriving village and the wonders of nature.','2023-11-10 15:48:03'),(344,56,14,'讲个笑话','2023-11-10 16:21:41'),(345,55,15,'讲个笑话','2023-11-10 16:22:14'),(346,55,NULL,'好的，我来给你讲个笑话：\n\n有一天，小明去参加一个面试，面试官问他：“小明，你有什么特长吗？”小明想了一下，然后回答：“我可以忍受很长时间的无聊会议。”面试官很惊讶地问：“真的吗？你怎么做到的？”小明回答：“我就是把自己想象成一台电脑，然后进入休眠模式。”面试官忍不住笑了出来，最后小明也顺利通过了面试。\n\n希望这个笑话能让你开心！','2023-11-10 16:22:20'),(347,55,15,'讲个英语短文','2023-11-10 16:25:30'),(348,55,NULL,'Once upon a time, in a small village, there lived a young boy named Jack. Jack was known for his adventurous spirit and his love for exploring the nearby forest. One day, while wandering through the woods, Jack stumbled upon an old, rusty key.\n\nCuriosity took hold of Jack, and he decided to find the lock that the key belonged to. He searched high and low, until he came across a hidden door nestled between two large trees. With excitement in his eyes, Jack inserted the key into the lock, and to his amazement, the door creaked open.\n\nInside, Jack found himself in a magical world filled with talking animals and vibrant colors. He met a wise owl who guided him through the enchanted land. The owl told Jack that he was chosen to complete a mission to save the kingdom from an evil sorcerer.\n\nJack, being brave and determined, accepted the challenge without hesitation. He embarked on a journey filled with obstacles and challenges. Along the way, he encountered a mischievous monkey who became his loyal companion. Together, they faced dangerous creatures, solved riddles, and overcame their fears.\n\nAs Jack continued his quest, he discovered that the key he found was no ordinary key. It had the power to unlock the hearts of the people he met. With kindness and compassion, Jack won the trust and support of the villagers, who joined him in his battle against the sorcerer.\n\nFinally, the day of the decisive battle arrived. Jack and his newfound friends stood united against the sorcerer\'s dark forces. With the key in hand, Jack unlocked the sorcerer\'s heart, revealing the pain and loneliness that had consumed him. Through forgiveness and understanding, Jack helped the sorcerer see the error of his ways.\n\nThe kingdom was saved, and Jack became a hero. He returned home, forever changed by his extraordinary adventure. He taught the villagers the power of unity, compassion, and forgiveness. From that day forward, Jack\'s village thrived, and he lived a life filled with joy and gratitude.\n\nAnd so, the tale of Jack and the enchanted key became a legend, reminding us all that sometimes, the greatest adventures are found when we dare to open doors and unlock our hearts.','2023-11-10 16:25:43'),(349,55,15,'写个英语短文笑话','2023-11-10 16:27:06'),(350,55,NULL,'Why did the scarecrow win an award?\n\nBecause he was outstanding in his field!','2023-11-10 16:27:08'),(351,55,15,'写个英语短文笑话','2023-11-10 16:27:09'),(352,55,NULL,'Why did the scarecrow win an award?\n\nBecause he was outstanding in his field!','2023-11-10 16:27:10'),(353,55,15,'写个英语短文笑话','2023-11-10 16:27:11'),(354,55,NULL,'Why did the scarecrow win an award?\n\nBecause he was outstanding in his field!','2023-11-10 16:27:12'),(355,55,15,'写个英语短文笑话','2023-11-10 16:27:13'),(356,56,14,'讲个笑话','2023-11-10 16:27:35'),(357,56,14,'讲个笑话','2023-11-10 16:28:19'),(358,55,15,'写个英语短文笑话','2023-11-10 16:30:33'),(359,55,NULL,'Why did the scarecrow win an award?\n\nBecause he was outstanding in his field!','2023-11-10 16:30:35'),(360,57,15,'讲个小故事','2023-11-10 16:31:37'),(361,57,NULL,'从前有一只小鸟，它非常喜欢唱歌。每天清晨，它会站在树枝上，用欢快的声音唱出美妙的歌曲，让整个森林都充满了快乐的氛围。\n\n小鸟的歌声非常动听，吸引了许多动物前来欣赏。大象、狮子、兔子、蝴蝶，甚至是小河里的鱼儿，它们都被小鸟的歌声所打动。它们围在小鸟周围，用欢快的舞蹈和鼓掌来回应小鸟的歌声。\n\n然而，有一天，小鸟发现自己的声音变得沙哑而无力，无法唱出以前那样美妙的歌曲了。它感到非常沮丧和失落，因为唱歌是它最大的快乐和天赋。\n\n小鸟找到了一只智慧的老猫，并请求帮助。老猫静静地听着小鸟的困扰，然后说：“小鸟啊，你的声音只是暂时的失落，不要放弃希望。你需要给自己一些休息和滋养，让你的声音重新恢复。”\n\n小鸟听从了老猫的建议，它停止了唱歌，找到了一个安静的地方，静心休息。它开始注重饮食，吃一些有营养的果实和坚果，让自己的身体得到滋养。\n\n经过一段时间的休息和滋养，小鸟的声音逐渐恢复了。它感到非常高兴，又开始站在树枝上，用欢快的声音唱出美妙的歌曲。\n\n当小鸟的歌声再次传遍整个森林时，所有的动物都为它的坚持和努力而感到骄傲。他们再次围在小鸟周围，用舞蹈和鼓掌来表达对小鸟的赞美和感激。\n\n从那以后，小鸟明白了一个道理：不论遇到什么困难，只要坚持努力，就一定能够克服。而且，它也明白了自己的声音是如此珍贵，它要用它的歌声传递快乐和希望给每一个人。','2023-11-10 16:32:01'),(362,57,15,'用markdown写一个简短的java简历','2023-11-10 16:33:27'),(363,57,NULL,'# 简历\n\n## 基本信息\n\n- 姓名：张三\n- 性别：男\n- 出生日期：1990年1月1日\n- 手机号码：123456789\n- 邮箱：zhangsan@gmail.com\n\n## 教育背景\n\n- 学历：本科\n- 学校：某某大学\n- 专业：计算机科学与技术\n- 毕业时间：2012年\n\n## 工作经验\n\n### 公司A（2012年-2015年）\n\n- 职位：Java开发工程师\n- 负责开发和维护公司内部管理系统\n- 使用Java语言和Spring框架进行开发\n- 参与数据库设计和优化\n- 负责与其他团队进行协作，完成项目需求\n\n### 公司B（2015年-至今）\n\n- 职位：高级Java开发工程师\n- 负责设计和开发公司的产品\n- 使用Java语言和Spring Boot框架进行开发\n- 参与项目的需求分析和系统设计\n- 负责团队的技术指导和代码审核\n\n## 技能\n\n- 熟练掌握Java编程语言和面向对象编程思想\n- 熟悉Spring框架和Spring Boot框架\n- 熟练使用MySQL数据库和SQL语言\n- 熟悉常用的前端技术，如HTML、CSS和JavaScript\n- 具备良好的团队合作和沟通能力\n\n## 个人项目\n\n- 个人博客系统：使用Java和Spring Boot框架开发的个人博客系统，实现了用户注册登录、发表文章、评论等功能。\n- 在线商城系统：使用Java和Spring框架开发的在线商城系统，包括商品展示、购物车、订单管理等功能。\n\n## 自我评价\n\n本人对编程有浓厚的兴趣，喜欢不断学习新的技术和解决复杂的问题。在工作中，我注重团队合作，能够有效地与他人沟通和协作。同时，我也具备良好的自学能力，能够独立解决问题和不断提升自己的技术水平。','2023-11-10 16:33:44'),(364,57,15,'用markdown写一个小报告','2023-11-10 16:42:54'),(365,57,NULL,'# 小报告\n\n## 1. 简介\n\n本报告旨在总结和分析公司A在过去一年的业绩和发展情况。\n\n## 2. 业绩分析\n\n在过去一年，公司A取得了显著的业绩进展。以下是一些关键数据：\n\n- 销售额增长率：20%\n- 利润增长率：15%\n- 市场份额增长：5%\n- 新客户增长率：10%\n\n公司A的销售额增长率达到了20%，超过了行业平均水平。这主要归功于公司在产品创新和市场推广方面的努力。利润增长率为15%，虽然较低于销售额增长率，但仍保持了稳定的增长态势。市场份额增长了5%，这表明公司A在市场竞争中取得了一定的优势。新客户增长率为10%，这表明公司在吸引新客户方面取得了一定的成果。\n\n## 3. 发展计划\n\n为了进一步提高业绩和发展，公司A制定了以下发展计划：\n\n- 加大研发投入：增加研发投入，加快新产品的研发和上市速度，提高产品的竞争力。\n- 拓展市场渠道：加强与合作伙伴的合作，开拓新的市场渠道，提高产品的销售覆盖率。\n- 提升客户满意度：加强客户服务团队建设，提高客户满意度，增加客户忠诚度。\n- 加强品牌建设：加大品牌推广力度，提升品牌知名度和美誉度，增加市场份额。\n\n## 4. 结论\n\n综上所述，公司A在过去一年取得了显著的业绩进展，并制定了相应的发展计划以进一步提高业绩和发展。在未来，公司A将继续致力于产品创新、市场推广和客户服务的提升，以实现更好的发展。','2023-11-10 16:43:10'),(366,59,15,'你能做什么','2023-11-10 17:00:48'),(367,56,14,'讲个笑话','2023-11-10 17:04:04'),(368,59,15,'你好','2023-11-10 17:04:14'),(369,56,14,'讲个笑话','2023-11-10 17:04:39'),(370,59,15,'你好','2023-11-10 17:04:47'),(371,59,15,'嘀嘀嘀','2023-11-10 17:04:57'),(372,59,15,'你好','2023-11-10 17:05:37'),(373,59,15,'嘀嘀嘀','2023-11-10 17:05:37'),(374,56,14,'讲个笑话','2023-11-10 17:05:38'),(375,59,15,'你好','2023-11-10 17:05:52'),(376,56,14,'讲个笑话','2023-11-10 17:05:52'),(377,59,15,'嘀嘀嘀','2023-11-10 17:05:52'),(378,59,15,'你好','2023-11-10 17:05:54'),(379,59,15,'嘀嘀嘀','2023-11-10 17:05:54'),(380,59,15,'你好','2023-11-10 17:05:55'),(381,59,15,'嘀嘀嘀','2023-11-10 17:05:55'),(382,59,15,'你好','2023-11-10 17:06:46'),(383,59,15,'嘀嘀嘀','2023-11-10 17:06:46'),(384,56,14,'讲个笑话','2023-11-10 17:06:48'),(385,59,15,'hi','2023-11-10 17:07:37'),(386,56,14,'讲个笑话','2023-11-10 17:16:59'),(387,59,15,'你好','2023-11-10 17:17:07'),(388,56,14,'讲个笑话','2023-11-10 17:19:03'),(389,59,15,'你好','2023-11-10 17:19:03'),(390,59,15,'你好','2023-11-10 17:19:08'),(391,59,15,'在吗','2023-11-10 17:19:46'),(392,59,15,'嘀嘀嘀','2023-11-10 17:20:27'),(393,56,14,'讲个笑话','2023-11-10 17:21:39'),(394,59,15,'嘀嘀嘀','2023-11-10 17:21:39'),(395,59,15,'123123','2023-11-10 17:21:39'),(396,59,15,'123','2023-11-10 17:21:51'),(397,59,15,'12313','2023-11-10 17:22:08'),(398,60,15,'123123','2023-11-10 17:22:25'),(399,59,15,'123123','2023-11-10 17:22:50'),(400,60,15,'123123','2023-11-10 17:22:50'),(401,59,15,'12313','2023-11-10 17:22:50'),(402,59,15,'嘀嘀嘀','2023-11-10 17:22:50'),(403,59,15,'123','2023-11-10 17:22:50'),(404,56,14,'讲个笑话','2023-11-10 17:22:50'),(405,60,15,'312312','2023-11-10 17:23:05'),(406,61,15,'你好','2023-11-10 17:24:05'),(407,62,15,'你好','2023-11-10 17:24:50'),(408,62,15,'123123123','2023-11-10 17:25:24'),(409,62,15,'嘀嘀嘀','2023-11-10 17:25:39'),(410,62,15,'123123123','2023-11-10 17:26:54'),(411,63,15,'你好好','2023-11-10 17:27:37'),(412,63,15,'你好好','2023-11-10 17:28:56'),(413,56,14,'讲个笑话','2023-11-10 17:28:56'),(414,64,15,'你好你好','2023-11-10 17:29:16'),(415,64,15,'你好你好','2023-11-10 17:30:20'),(416,56,14,'讲个笑话','2023-11-10 17:30:22'),(417,64,15,'在吗','2023-11-10 17:31:10'),(418,65,15,'唱歌','2023-11-10 17:32:15'),(419,56,14,'讲个笑话','2023-11-10 17:32:59'),(420,65,15,'唱歌','2023-11-10 17:32:59'),(421,64,15,'在吗','2023-11-10 17:32:59'),(422,56,14,'讲个笑话','2023-11-10 17:33:04'),(423,64,15,'在吗','2023-11-10 17:33:04'),(424,65,15,'唱歌','2023-11-10 17:33:04'),(425,65,15,'123123','2023-11-10 17:33:27'),(426,56,14,'讲个笑话','2023-11-10 17:34:01'),(427,56,14,'讲个笑话','2023-11-10 17:34:58'),(428,65,15,'在吗','2023-11-10 17:36:39'),(429,65,15,'现在呢','2023-11-10 17:38:21'),(430,65,15,'现在呢','2023-11-10 17:38:39'),(431,65,15,'妮妮号','2023-11-10 17:38:52'),(432,66,15,'在吗在吗','2023-11-10 17:40:04'),(433,66,15,'你好','2023-11-10 17:41:23'),(434,66,15,'在吗在吗','2023-11-10 17:43:03'),(435,30,15,'给我讲个故事','2023-11-10 17:43:40'),(436,30,15,'给我讲个故事','2023-11-10 17:44:24'),(437,30,15,'给我讲个故事','2023-11-10 17:46:27'),(438,30,15,'给我讲个故事','2023-11-10 17:48:40'),(439,30,15,'给我讲个故事','2023-11-10 17:48:58'),(440,30,NULL,'从前有一个小姑娘叫做安妮，她住在一个小村庄里。安妮非常勤劳和善良，总是帮助村里的老人们做些力所能及的事情。她经常帮忙照顾花园、洗衣服、打扫房间等等。\n\n一天，安妮听说村庄附近的森林里有一个神奇的泉水，据说只要喝了这个泉水，就会获得永恒的青春和美丽。对于爱美的安妮来说，这简直就是个梦想成真的机会！\n\n于是，安妮决定踏上寻找泉水之旅。她提前准备了一些食物和水壶，并告诉家人她要去森林探险。大家都劝她不要去冒险，因为森林里有很多危险和未知的事物。\n\n然而，安妮并没有被吓倒。她坚信只要自己用心寻找并小心谨慎地行动，一定能够找到那个神秘的泉水。\n\n走进森林后，安妮遇到了许多挑战和困难。有时候她迷路了，有时候她被树枝划伤了手，但是她从不放弃。她坚持用地图寻找方向，并在需要帮助的时候请求附近居民的指引。\n\n经过几天的艰辛旅程，安妮终于发现了那个神秘的泉水。它位于一个美丽而宁静的小湖旁边，湖水清澈见底，周围花草葱茏。\n\n安妮小心翼翼地喝了一口泉水，并感觉到自己身体和心灵都变得轻盈和愉悦。然而，在这一刻，一个老人突然出现在湖边。\n\n老人微笑着对安妮说：“年轻人，你找到了这个神奇的泉水，但请记住：真正的美丽源于内心的善良和助人为乐。只有当你将自己的美丽与他人分享时，才能真正拥有永恒。”\n\n听完老人的话后，安妮深深明白了其中的道理。虽然泉水可能会让她外表年轻美丽，但真正重要的是内心对他人关怀和帮助。她决定回到村庄，将她所学到的善良与爱心传递给其他人。\n\n安妮从此以后一直保持着内外兼修的美丽，她用自己的行动感染了许多人，使整个村庄变得更加友善和温暖。她成为了一个值得尊敬和崇拜的人物。\n\n这个故事告诉我们，真正的美丽不仅来自外表，更源于内心。只有通过善良、关怀和助人为乐，我们才能获得真正意义上的永恒美丽。','2023-11-10 17:49:20'),(441,67,15,'在吗你','2023-11-10 17:50:35'),(442,67,NULL,'是的，我在。有什么我可以帮助你的吗？','2023-11-10 17:50:37'),(443,67,15,'在吗你','2023-11-10 17:51:39'),(444,67,NULL,'是的，我在。有什么我可以帮助你的吗？','2023-11-10 17:51:41'),(445,67,15,'在吗你','2023-11-10 17:51:43'),(446,67,NULL,'是的，我在。有什么我可以帮助你的吗？','2023-11-10 17:51:45'),(447,67,15,'在吗你','2023-11-10 17:52:31'),(448,67,NULL,'是的，我在。有什么可以帮助你的吗？','2023-11-10 17:52:33'),(449,67,15,'你能做什么','2023-11-10 17:52:48'),(450,67,15,'你能做什么','2023-11-10 17:52:50'),(451,67,NULL,'我是一个人工智能助手，我可以帮助你回答问题、提供信息、执行任务、提供建议等等。你可以问我关于各种主题的问题，例如天气、新闻、时间、计算等等。请告诉我你需要什么帮助，我会尽力满足你的需求。','2023-11-10 17:52:51'),(452,67,15,'你能做什么','2023-11-10 17:52:52'),(453,67,NULL,'我是一个AI助手，我可以回答问题、提供信息、帮助解决问题、进行对话、制定计划等等。请告诉我你需要什么帮助，我会尽力满足你的需求。','2023-11-10 17:52:53'),(454,67,15,'你能做什么','2023-11-10 17:52:55'),(455,67,NULL,'我是一个AI助手，我可以回答你的问题、提供信息、帮助你解决问题、提供建议和进行对话。我还可以执行一些简单的任务，如设置提醒、发送邮件等。请告诉我你需要什么帮助，我会尽力满足你的需求。','2023-11-10 17:52:56'),(456,67,15,'在吗你','2023-11-10 17:54:20'),(457,67,NULL,'是的，我在。有什么我可以帮助你的吗？','2023-11-10 17:54:22'),(458,67,15,'你能唱歌吗','2023-11-10 17:55:09'),(459,67,NULL,'我是一个AI助手，没有声音和喉咙，所以不能唱歌。但是我可以帮你找到歌曲的歌词或者分享一些关于音乐的信息。','2023-11-10 17:55:33'),(460,67,15,'那你给我写一个java的冒泡排序','2023-11-10 17:56:42'),(461,67,NULL,'当然可以！以下是一个简单的Java冒泡排序的示例代码：\n\n```java\npublic class BubbleSort {\n    public static void main(String[] args) {\n        int[] arr = {5, 2, 8, 1, 9};\n        \n        System.out.println(\"排序前的数组：\");\n        printArray(arr);\n        \n        bubbleSort(arr);\n        \n        System.out.println(\"排序后的数组：\");\n        printArray(arr);\n    }\n    \n    public static void bubbleSort(int[] arr) {\n        int n = arr.length;\n        for (int i = 0; i < n - 1; i++) {\n            for (int j = 0; j < n - i - 1; j++) {\n                if (arr[j] > arr[j + 1]) {\n                    // 交换arr[j]和arr[j + 1]\n                    int temp = arr[j];\n                    arr[j] = arr[j + 1];\n                    arr[j + 1] = temp;\n                }\n            }\n        }\n    }\n    \n    public static void printArray(int[] arr) {\n        for (int i = 0; i < arr.length; i++) {\n            System.out.print(arr[i] + \" \");\n        }\n        System.out.println();\n    }\n}\n```\n\n这个示例代码中，我们定义了一个`bubbleSort`方法来实现冒泡排序。在`bubbleSort`方法中，我们使用两个嵌套的循环来比较相邻的元素，并根据需要交换它们的位置。在每一轮的循环中，最大的元素将被“冒泡”到数组的末尾。最终，数组将按升序排序。\n\n在`main`方法中，我们创建了一个整数数组`arr`，并将其传递给`bubbleSort`方法进行排序。然后，我们使用`printArray`方法打印排序后的数组。\n\n希望这个示例能帮助到你！如果有任何问题，请随时提问。','2023-11-10 17:57:15'),(462,68,15,'你好呀','2023-11-10 17:59:03'),(463,69,15,'在吗','2023-11-10 18:13:52'),(464,69,NULL,'是的，我在。有什么我可以帮助你的吗？','2023-11-10 18:13:54'),(465,69,15,'你能做什么','2023-11-10 18:14:04'),(466,69,NULL,'我是一个智能助手，可以为您提供各种服务，包括但不限于：\n1. 回答问题和提供信息：您可以向我提问任何问题，我会尽力给出准确的答案和相关信息。\n2. 提供日程安排和提醒：您可以告诉我您的日程安排，我可以帮助您管理和提醒重要的事项。\n3. 翻译：我可以帮助您进行简单的翻译工作，包括常见的语言和词汇。\n4. 提供天气预报：您可以告诉我您所在的城市，我可以为您提供当地的天气预报。\n5. 播放音乐和视频：您可以告诉我您想听的音乐或观看的视频，我可以为您搜索并播放。\n6. 计算和单位转换：如果您需要进行数学计算或单位转换，我可以帮助您完成。\n7. 提供笑话和趣闻：如果您需要一些娱乐，我可以为您提供笑话和趣闻。\n8. 提供健康和营养建议：如果您对健康和营养有疑问，我可以为您提供相关建议和信息。\n请注意，我是一个虚拟助手，无法执行实际的物理操作。','2023-11-10 18:14:12'),(467,69,15,'教我如何学习英语','2023-11-10 18:14:26'),(468,69,NULL,'学习英语可以通过以下几个步骤进行：\n\n1. 制定学习计划：确定学习英语的目标和时间安排。将学习时间分配给不同的技能，如听力、口语、阅读和写作。\n\n2. 建立基础：学习英语的基础知识，包括字母表、发音规则和基本的语法知识。可以通过参加英语课程、使用教材或在线学习资源来学习。\n\n3. 提高听力技能：听英语音频，如英语新闻、电视节目、电影和音乐。尝试听懂并理解所听内容，可以使用字幕辅助理解。\n\n4. 练习口语：与英语母语人士交流，参加英语角或语言交换活动。练习口语时，可以模仿和复述英语对话，或者进行角色扮演。\n\n5. 阅读英语材料：阅读英语书籍、报纸、杂志和网站。开始时可以选择适合自己水平的材料，逐渐提高难度。\n\n6. 提高写作能力：练习写作英语文章、日记或博客。可以请教老师或朋友帮助修改和改进写作。\n\n7. 扩大词汇量：学习新的单词和短语，可以使用词汇卡片、手机应用程序或在线词汇资源。\n\n8. 运用语法知识：学习基本的语法规则，并在口语和写作中运用。可以通过做练习题和参考语法书籍来巩固语法知识。\n\n9. 坚持练习：每天保持一定的学习时间，持之以恒。与英语相关的活动和环境可以帮助加强学习效果。\n\n10. 寻找学习伙伴：与其他学习英语的人一起学习，互相鼓励和帮助。可以组织学习小组或加入英语学习社区。\n\n记住，学习英语需要时间和耐心。保持积极的学习态度，相信自己的能力，坚持不懈地学习，你一定能够取得进步。','2023-11-10 18:14:40'),(469,69,15,'给我讲个小故事','2023-11-10 18:14:53'),(470,69,NULL,'从前有一只小猫咪，它叫做小花。小花是一个非常好奇和勇敢的猫咪，她总是对周围的世界充满了好奇心。\n\n有一天，小花决定探险去森林里看看。她穿过了茂密的树林，跳过了小溪，一直走到了一个陌生的地方。这里的景色非常美丽，有高大的树木，五彩斑斓的花朵和欢快的鸟儿。\n\n小花非常兴奋，她开始四处探索。她爬上了树枝，跳过了岩石，追逐着蝴蝶。突然，小花发现了一只受伤的小鸟。小鸟的翅膀受伤了，无法飞翔。\n\n小花心里非常担心，她决定帮助小鸟。她小心翼翼地把小鸟抱起来，找到了一片柔软的草地，轻轻地放下了小鸟。然后，她去找来了一些小树枝和叶子，制作了一个小窝给小鸟休息。\n\n小花每天都来看望小鸟，给它带来食物和水。小鸟渐渐地恢复了健康，它感激地看着小花，用它那明亮的眼睛向小花表示感谢。\n\n最终，小鸟的翅膀愈合了，它能够飞翔了。小花非常高兴，她知道自己帮助了一个需要帮助的生物。小鸟在离别之前，给了小花一个温暖的拥抱。\n\n从那以后，小花成为了森林里的小英雄。她继续探险和帮助其他需要帮助的动物。小花的善良和勇敢的事迹在森林中传开了，其他动物们都对她充满了敬意。\n\n这个故事告诉我们，无论我们多么小，只要我们用心去帮助别人，我们都可以成为一个英雄。','2023-11-10 18:15:09'),(471,69,15,'讲个长笑话','2023-11-10 18:16:05'),(472,69,NULL,'有一天，一个男人去参加一个朋友的婚礼。婚礼上，他遇到了一个非常漂亮的女人，他们聊得非常开心。最后，他们交换了电话号码，并约定了下次见面。\n\n几天后，男人打电话给女人，他们决定去看一部电影。他们在电影院门口见面，男人看到女人手里拿着两杯冰淇淋，他很惊讶地问：“为什么你买了两杯冰淇淋？”\n\n女人笑着回答：“因为我知道你喜欢冰淇淋，所以我为你买了一杯。”\n\n男人感动地说：“谢谢你，你真是太好了！”\n\n于是，他们进入电影院，找到了自己的座位。男人把冰淇淋放在扶手上，然后坐下来，准备享受电影。\n\n突然，男人意识到他忘记了带钱包。他感到非常尴尬，因为他没法为女人买票。他决定告诉她实情。\n\n男人轻轻地对女人说：“对不起，我忘记带钱包了，我没法为你买票。”\n\n女人笑了笑，然后拿起扶手上的冰淇淋，把它放在男人的头上，说：“没关系，我已经为你买好了。”\n\n男人被冰淇淋砸到头上，他感到非常尴尬和愤怒。他大声喊道：“你为什么这样做？！”\n\n女人笑着回答：“因为我知道你喜欢冰淇淋，所以我为你买了一杯。”','2023-11-10 18:16:18'),(473,69,15,'消息对话界面，我的ai的回复是流式传输的，我想要消息能够保持在最底部','2023-11-10 18:17:55'),(474,69,NULL,'要实现消息对话界面中消息保持在最底部，可以使用一些前端技术来实现。以下是一种可能的方法：\n\n1. 创建一个消息容器 div，用于显示消息。\n2. 将该 div 的样式设置为固定高度，并设置 overflow 属性为 auto，以便在消息超出容器高度时出现滚动条。\n3. 在添加新消息时，使用 JavaScript 将滚动条滚动到最底部。\n\n以下是一个简单的示例代码：\n\nHTML:\n```html\n<div id=\"message-container\"></div>\n```\n\nCSS:\n```css\n#message-container {\n  height: 400px; /* 设置合适的高度 */\n  overflow: auto;\n}\n```\n\nJavaScript:\n```javascript\nfunction addMessage(message) {\n  var container = document.getElementById(\"message-container\");\n  var messageElement = document.createElement(\"div\");\n  messageElement.textContent = message;\n  container.appendChild(messageElement);\n  container.scrollTop = container.scrollHeight; // 将滚动条滚动到最底部\n}\n\n// 示例用法\naddMessage(\"这是一条消息\");\naddMessage(\"这是另一条消息\");\n```\n\n这样，每次添加新消息时，消息容器会自动滚动到最底部，保持最新消息可见。','2023-11-10 18:18:02'),(475,69,15,'你好耶','2023-11-10 18:19:09'),(476,69,NULL,'你好！有什么我可以帮助你的吗？','2023-11-10 18:19:11'),(477,69,15,'给我一段python代码的冒泡排序','2023-11-10 18:21:21'),(478,69,15,'给我一段python代码的冒泡排序','2023-11-10 18:21:23'),(479,69,15,'给我一段python代码的冒泡排序','2023-11-10 18:21:26'),(480,69,15,'给我一段python代码的冒泡排序','2023-11-10 18:21:28'),(481,69,NULL,'当然可以！下面是一个使用冒泡排序算法对一个列表进行排序的Python代码示例：\n\n```python\ndef bubble_sort(arr):\n    n = len(arr)\n    \n    # 遍历所有数组元素\n    for i in range(n):\n        \n        # 最后i个元素已经排好序，不需要再比较\n        for j in range(0, n-i-1):\n            \n            # 如果当前元素大于下一个元素，则交换它们的位置\n            if arr[j] > arr[j+1]:\n                arr[j], arr[j+1] = arr[j+1], arr[j]\n    \n    return arr\n\n# 测试代码\narr = [64, 34, 25, 12, 22, 11, 90]\nsorted_arr = bubble_sort(arr)\nprint(\"排序后的数组：\", sorted_arr)\n```\n\n这段代码定义了一个名为`bubble_sort`的函数，它接受一个列表作为参数，并返回一个排序后的列表。在主程序中，我们创建了一个未排序的列表`arr`，然后调用`bubble_sort`函数对其进行排序，并将排序后的结果打印出来。\n\n输出结果为：`排序后的数组： [11, 12, 22, 25, 34, 64, 90]`','2023-11-10 18:21:31'),(482,69,NULL,'当然，这是一个简单的冒泡排序的Python代码示例：\n\n```python\ndef bubble_sort(arr):\n    n = len(arr)\n    \n    for i in range(n-1):\n        for j in range(n-i-1):\n            if arr[j] > arr[j+1]:\n                arr[j], arr[j+1] = arr[j+1], arr[j]\n    \n    return arr\n\n# 测试\narr = [64, 34, 25, 12, 22, 11, 90]\nsorted_arr = bubble_sort(arr)\nprint(\"排序后的数组:\", sorted_arr)\n```\n\n这段代码定义了一个`bubble_sort`函数，它接受一个数组作为参数，并返回排序后的数组。在函数内部，使用两层循环来比较相邻的元素，如果前一个元素大于后一个元素，则交换它们的位置。通过多次遍历数组，将最大的元素逐渐“冒泡”到数组的末尾，从而实现排序。\n\n在测试部分，我们定义了一个数组`arr`，并将其传递给`bubble_sort`函数进行排序。最后，打印出排序后的数组。','2023-11-10 18:21:34'),(483,43,15,'用go写一个冒泡排序','2023-11-10 18:23:17'),(484,43,NULL,'下面是用Go语言实现冒泡排序的代码：\n\n```go\npackage main\n\nimport \"fmt\"\n\nfunc bubbleSort(arr []int) {\n    n := len(arr)\n    for i := 0; i < n-1; i++ {\n        for j := 0; j < n-i-1; j++ {\n            if arr[j] > arr[j+1] {\n                arr[j], arr[j+1] = arr[j+1], arr[j]\n            }\n        }\n    }\n}\n\nfunc main() {\n    arr := []int{64, 34, 25, 12, 22, 11, 90}\n    bubbleSort(arr)\n    fmt.Println(\"排序后的数组:\", arr)\n}\n```\n\n输出结果为：`排序后的数组: [11 12 22 25 34 64 90]`','2023-11-10 18:23:22'),(485,43,15,'go如何做中间件','2023-11-10 18:24:19'),(486,68,15,'你好呀','2023-11-10 18:26:03'),(487,43,15,'go如何做中间件','2023-11-10 18:26:16'),(488,68,15,'你好呀','2023-11-10 18:29:58'),(489,68,15,'你好呀','2023-11-10 18:30:13'),(490,43,15,'go如何做中间件的开发','2023-11-10 18:31:16'),(491,43,15,'go如何做中间件的开发','2023-11-10 18:31:19'),(492,43,15,'go如何做中间件的开发','2023-11-10 18:31:21'),(493,43,15,'go如何做中间件的开发','2023-11-10 18:31:23'),(494,43,15,'go如何做中间件的开发','2023-11-10 18:31:25'),(495,43,15,'go如何做中间件的开发','2023-11-10 18:31:27'),(496,43,15,'go如何做中间件的开发','2023-11-10 18:31:29'),(497,43,15,'go如何做中间件的开发','2023-11-10 18:45:03'),(498,69,15,'在吗在吗','2023-11-10 18:45:36'),(499,69,15,'你好你好','2023-11-10 18:53:50'),(500,69,15,'在吗在吗','2023-11-10 18:55:35'),(501,70,15,'你能干嘛','2023-11-10 18:56:12'),(502,70,NULL,'我是一个AI语言模型，我可以回答问题、提供建议、生成文本、翻译语言等。如果您有任何问题或需要帮助，请随时问我。','2023-11-10 18:56:34'),(503,70,15,'给我一段英文','2023-11-10 18:57:20'),(504,70,NULL,'Here is a paragraph in English:\n\nI woke up early this morning feeling refreshed and ready to start the day. I got dressed and headed to the kitchen to make myself a cup of coffee. As I sipped my coffee, I checked my emails and made a to-do list for the day. I had a lot of tasks to complete, but I felt motivated and determined to get everything done. After finishing my coffee, I grabbed my bag and headed out the door, ready to tackle the day ahead.','2023-11-10 18:57:44'),(505,81,15,'杯子','2023-11-10 19:45:59'),(506,81,NULL,'Sure, here is the markdown code for a picture of a cup:\n\n`![A white ceramic cup filled with hot coffee](https://image.pollinations.ai/prompt/A%20white%20ceramic%20cup%20filled%20with%20hot%20coffee)`','2023-11-10 19:46:01'),(507,82,15,'石榴','2023-11-10 19:46:35'),(508,82,NULL,'🍉🍎🍇🌺🌞👩‍🍳\n\n介绍：\n\n大家好，今天我要给大家推荐一种非常营养美味的水果——石榴！石榴是一种富含抗氧化剂和维生素C的水果，它不仅可以增强免疫力，还有助于降低胆固醇和预防心脏病。而且，石榴的果实和籽都可以食用，非常适合作为健康的零食或用来制作各种美食。接下来，让我们一起来探索一下石榴的美妙之处吧！\n\n段落1：\n\n首先，我们来看看石榴的果实。石榴果实呈圆形，表面覆盖着坚硬的红色外皮。当你打开它时，你会看到许多小而美丽的红色籽粒，这些籽粒是石榴的食用部分。石榴籽粒有着甜酸可口的味道，非常适合作为水果沙拉的配料或直接食用。此外，石榴籽粒还可以用来制作果汁、酱料或用作烘焙食品的装饰。\n\n图片1：\n\n[图片描述：一位女性手持着一颗打开的石榴，里面有许多美丽的红色籽粒。]\n\n段落2：\n\n除了果实，石榴的花朵也非常美丽。石榴花朵呈红色或橙色，具有丰富的芳香味道。石榴花朵可以用来制作花茶或香料，也可以用来装饰各种糕点和甜点。石榴花朵的芳香味道和美丽的颜色，让人们在享受美食的同时，也能感受到大自然的美好。\n\n图片2：\n\n[图片描述：一朵盛开的红色石榴花，花朵上有许多细小的花瓣和花蕊。]\n\n段落3：\n\n最后，我们来看看石榴的营养价值。石榴富含抗氧化剂和维生素C，这些成分有助于保护身体免受自由基的伤害，增强免疫力，并降低患心脏病的风险。此外，石榴还含有丰富的纤维素和钾，这些成分有助于维持消化系统的健康和平衡体内的电解质水平。因此，石榴不仅美味可口，还有助于保持身体健康。\n\n图片3：\n\n[图片描述：一碗装满石榴籽粒的水果沙拉，沙拉中还包括其他水果和坚果。]\n\n总结：\n\n以上就是我对于石榴的介绍和推荐。无论是石榴的果实、花朵还是营养价值，都让人们爱不释手。如果你还没有尝试过石榴，那么现在就是时候尝试一下了！','2023-11-10 19:47:11'),(509,82,15,'刚刚我说的什么','2023-11-10 19:47:54'),(510,82,NULL,'你给出的主题是“石榴”。','2023-11-10 19:48:16'),(511,83,15,'你知道vue吗','2023-11-10 19:51:31'),(512,83,NULL,'我是一名AI语言模型，我知道Vue.js。Vue.js是一种流行的JavaScript框架，用于构建交互式Web界面。它提供了一种响应式的数据绑定机制和组件化的架构，使开发者能够轻松地构建复杂的单页应用程序。Vue.js还具有轻量级、易于学习、易于集成和高度可定制的特点，因此在Web开发中得到了广泛的应用。','2023-11-10 19:51:34'),(513,83,15,'那你知道java吗','2023-11-10 19:51:48'),(514,83,NULL,'是的，我知道Java，它是一种广泛使用的编程语言，用于开发各种应用程序，包括桌面应用程序、Web应用程序、移动应用程序等。Java具有跨平台性，代码可以在多个操作系统上运行，这使得它成为开发人员的首选语言之一。','2023-11-10 19:51:51'),(515,83,15,'你知道kotlin吗','2023-11-10 19:52:06'),(516,83,NULL,'作为AI语言模型，我知道Kotlin是一种基于JVM的静态类型编程语言，由JetBrains开发。它旨在成为一种更简洁、更安全、更互操作的替代Java语言。Kotlin支持函数式编程风格，具有空安全、类型推断、扩展函数等特性。它也可以编译成JavaScript和本地代码。Kotlin已经成为Android应用程序开发的首选语言之一。','2023-11-10 19:52:31'),(517,83,15,'回答一下我刚才问了些什么','2023-11-10 19:52:54'),(518,83,NULL,'很抱歉，我无法回答这个问题，因为您没有提供您刚才问了什么问题。请您再次提出您的问题，我将竭尽全力为您提供帮助。','2023-11-10 19:53:17'),(519,84,15,'你知道现在天气如何吗','2023-11-10 19:54:15'),(520,84,NULL,'作为一个AI，我没有实时的天气信息，但是你可以通过搜索引擎或者天气应用程序来获取实时的天气信息。','2023-11-10 19:54:39'),(521,84,15,'那你知道几点了吗现在','2023-11-10 19:54:50'),(522,84,NULL,'抱歉，作为一个语言模型，我没有实时的时间和天气信息。请您查询当地的天气预报或查看手机或电视上的天气应用程序以获取准确的天气和时间信息。','2023-11-10 19:55:14'),(523,84,15,'我刚刚问了你什么东西','2023-11-10 19:55:29'),(524,84,NULL,'您刚刚问了我两个问题，一个是关于天气的，另一个是关于现在几点的。我回答了前一个问题，但没有回答后一个问题。目前我没有时间概念，无法回答现在几点。','2023-11-10 19:55:53'),(525,84,15,'给我写一个java的冒泡排序','2023-11-10 19:56:28'),(526,84,NULL,'好的，以下是Java的冒泡排序示例代码：\n\n```java\npublic class BubbleSort {\n    public static void main(String[] args) {\n        int[] arr = {5, 2, 8, 3, 9, 1};\n        bubbleSort(arr);\n        System.out.println(Arrays.toString(arr));\n    }\n\n    public static void bubbleSort(int[] arr) {\n        int n = arr.length;\n        for (int i = 0; i < n - 1; i++) {\n            for (int j = 0; j < n - i - 1; j++) {\n                if (arr[j] > arr[j + 1]) {\n                    int temp = arr[j];\n                    arr[j] = arr[j + 1];\n                    arr[j + 1] = temp;\n                }\n            }\n        }\n    }\n}\n```\n\n这段代码定义了一个 `BubbleSort` 类，其中包含了一个 `bubbleSort` 方法，用于对传入的整型数组进行冒泡排序。在 `main` 方法中，我们定义了一个整型数组 `arr`，并调用 `bubbleSort` 方法对其进行排序。最后，我们使用 `Arrays.toString()` 方法将排序后的数组打印出来。','2023-11-10 19:56:54'),(527,84,15,'我刚刚问的什么，你回答的什么？','2023-11-10 19:57:09'),(528,84,NULL,'您刚刚问我：\"给我写一个java的冒泡排序\"。','2023-11-10 19:57:11'),(529,84,15,'你知道idea吗','2023-11-10 19:59:53'),(530,84,NULL,'作为AI助手，我知道Idea是一种思想、概念或想法。在商业和创新领域，Idea通常指的是一个新的产品、服务、过程或解决方案，可以用来解决一个现有问题或满足一个市场需求。Idea在创业和创新过程中非常重要，因为它是创新的起点和基础。','2023-11-10 20:00:19'),(531,84,15,'我刚刚问的什么，你回答的什么？','2023-11-10 20:00:24'),(532,84,NULL,'抱歉，我回答的是关于Idea的问题。请问您的问题是什么？我会尽力回答。','2023-11-10 20:00:47'),(533,84,15,'给我写一段java代码','2023-11-10 20:01:40'),(534,84,NULL,'好的，请问您需要我写哪方面的Java代码呢？例如字符串操作、数组操作、面向对象编程等等。','2023-11-10 20:02:03'),(535,84,15,'字符串操作的','2023-11-10 20:02:17'),(536,84,NULL,'好的，下面是一个Java字符串操作的例子，它将两个字符串连接在一起：\n\n```java\npublic class StringExample {\n    public static void main(String[] args) {\n        String str1 = \"Hello\";\n        String str2 = \"World\";\n        String result = str1 + \" \" + str2;\n        System.out.println(result);\n    }\n}\n```\n\n这个程序定义了两个字符串变量`str1`和`str2`，然后使用`+`运算符将它们连接在一起，结果保存在`result`变量中。最后，程序使用`System.out.println()`方法输出结果。','2023-11-10 20:02:41'),(537,84,15,'我之前问了你哪些问题？','2023-11-10 20:02:54'),(538,84,NULL,'您之前问了我两个问题，一个是关于Idea的，另一个是让我写一段Java字符串操作的代码。','2023-11-10 20:03:17'),(539,85,15,'在吗','2023-11-10 20:06:18'),(540,85,NULL,'是的，我在。有什么可以帮助您的吗？','2023-11-10 20:06:21'),(541,85,15,'你能做什么','2023-11-10 20:06:27'),(542,85,NULL,'我是一个人工智能语言模型，可以回答您的问题、提供信息、执行简单的任务等。如果您需要帮助，请告诉我您需要什么帮助，我会尽力满足您的需求。','2023-11-10 20:06:28'),(543,85,15,'给我写一段java多线程顺序输出12345的代码','2023-11-10 20:07:01'),(544,85,NULL,'以下是一种可能的Java多线程顺序输出12345的代码实现：\n\n```\npublic class MultiThreadedPrinting {\n    private static final Object lock = new Object();\n    private static int counter = 1;\n    private static final int MAX_COUNT = 5;\n\n    public static void main(String[] args) {\n        Thread t1 = new Thread(new Printer(), \"Thread 1\");\n        Thread t2 = new Thread(new Printer(), \"Thread 2\");\n        Thread t3 = new Thread(new Printer(), \"Thread 3\");\n        Thread t4 = new Thread(new Printer(), \"Thread 4\");\n        Thread t5 = new Thread(new Printer(), \"Thread 5\");\n\n        t1.start();\n        t2.start();\n        t3.start();\n        t4.start();\n        t5.start();\n    }\n\n    private static class Printer implements Runnable {\n        @Override\n        public void run() {\n            while (counter <= MAX_COUNT) {\n                synchronized (lock) {\n                    if (Thread.currentThread().getName().equals(\"Thread \" + counter)) {\n                        System.out.println(Thread.currentThread().getName() + \" prints \" + counter);\n                        counter++;\n                        lock.notifyAll();\n                    } else {\n                        try {\n                            lock.wait();\n                        } catch (InterruptedException e) {\n                            e.printStackTrace();\n                        }\n                    }\n                }\n            }\n        }\n    }\n}\n```\n\n在这个实现中，我们创建了5个线程，每个线程都是一个`Printer`对象的实例。当线程启动时，它们会进入一个循环，直到计数器达到最大值为止。在循环中，每个线程都会尝试获取锁，然后检查是否轮到它打印数字。如果是，它将打印数字，递增计数器，然后通知其他线程。如果不是，它将释放锁并等待其他线程通知它。\n\n通过使用`synchronized`关键字和`wait()`/`notifyAll()`方法，我们确保了每个线程都按顺序打印数字，而不会出现竞争条件或死锁。','2023-11-10 20:07:09'),(545,86,15,'mysql里面可以获取当前日期吗','2023-11-10 20:44:38'),(546,86,NULL,'是的，可以使用MySQL的内置函数NOW()获取当前日期和时间。 \n\n例如，使用以下查询语句获取当前日期和时间：\n\n```\nSELECT NOW();\n```\n\n这将返回当前日期和时间，例如：\n\n```\n2021-07-28 11:23:45\n```','2023-11-10 20:44:40'),(547,86,15,'如何使用MarkdownIt和hljs实现vue消息组件的md识别和代码高亮','2023-11-10 20:45:39'),(548,86,NULL,'要使用MarkdownIt和hljs实现Vue消息组件的md识别和代码高亮，可以按照以下步骤进行操作：\n\n1. 安装MarkdownIt和hljs\n\n```\nnpm install markdown-it --save\nnpm install highlight.js --save\n```\n\n2. 在Vue组件中引入MarkdownIt和hljs\n\n```javascript\nimport MarkdownIt from \'markdown-it\'\nimport hljs from \'highlight.js\'\n```\n\n3. 创建MarkdownIt实例并配置\n\n```javascript\nconst md = new MarkdownIt({\n  html: true, // 允许HTML标签\n  highlight: function (str, lang) { // 配置代码高亮\n    if (lang && hljs.getLanguage(lang)) {\n      try {\n        return \'<pre class=\"hljs\"><code>\' +\n               hljs.highlight(lang, str, true).value +\n               \'</code></pre>\';\n      } catch (__) {}\n    }\n\n    return \'<pre class=\"hljs\"><code>\' + md.utils.escapeHtml(str) + \'</code></pre>\';\n  }\n})\n```\n\n4. 在Vue组件中使用MarkdownIt和hljs\n\n```html\n<template>\n  <div>\n    <div v-html=\"renderedMarkdown\"></div>\n  </div>\n</template>\n\n<script>\n  import MarkdownIt from \'markdown-it\'\n  import hljs from \'highlight.js\'\n\n  export default {\n    data () {\n      return {\n        markdown: \'# Hello, World!\\n\\n```javascript\\nfunction hello () {\\n  console.log(\"Hello, World!\");\\n}\\nhello();\\n```\',\n        renderedMarkdown: \'\'\n      }\n    },\n    mounted () {\n      const md = new MarkdownIt({\n        html: true,\n        highlight: function (str, lang) {\n          if (lang && hljs.getLanguage(lang)) {\n            try {\n              return \'<pre class=\"hljs\"><code>\' +\n                     hljs.highlight(lang, str, true).value +\n                     \'</code></pre>\';\n            } catch (__) {}\n          }\n\n          return \'<pre class=\"hljs\"><code>\' + md.utils.escapeHtml(str) + \'</code></pre>\';\n        }\n      })\n      this.renderedMarkdown = md.render(this.markdown)\n    }\n  }\n</script>\n```\n\n这样就可以在Vue组件中使用MarkdownIt和hljs来渲染Markdown文本，并实现代码高亮了。','2023-11-10 20:45:47'),(549,86,15,'<template>   <div class=\"p-4\">     <div class=\"flex items-start\"> <!--      <div v-if=\"this.isUser !== null\" class=\"bg-blue-500 text-white rounded-lg p-2\">--> <!--        <pre style=\"white-space: pre-wrap;\">😃: {{content}}</pre>--> <!--      </div>--> <!--      <div v-else class=\"bg-gray-800 text-white rounded-lg p-2\">--> <!--        <pre style=\"white-space: pre-wrap;\">🤖: {{content}}</pre>--> <!--      </div>-->       <div v-if=\"this.isUser == null\" class=\"bg-blue-500 text-white rounded-lg p-2\">         <p v-html=\"renderedMessage\"></p>       </div>       <div v-else class=\"bg-gray-800 text-white rounded-lg p-2\">         <p v-html=\"renderedMessage\"></p>       </div>     </div>   </div> </template> <script> import MarkdownIt from \'markdown-it\'; import hljs from \'highlight.js\'; export default {   // eslint-disable-next-line vue/multi-word-component-names   name: \"Message\",   props:{     content: {       type: String,       required: true     },     isUser: {       type: null,       required: true     },   },   methods: {     renderedMessage() {       if(this.content) {         return this.md.render(this.content);       }       return \'\';     }   },   mounted() {     const  md = new MarkdownIt({       //html:true,       highlight: function (str, lang) {         if (lang && hljs.getLanguage(lang)) {           try {             return hljs.highlight(lang, str).value;           }catch (__) {console.log(\'111\')}         }         return \'\';       }     });     this.md = md;   },   computed() {     this.renderedMessage();   }  } </script>  <style scoped>  </style>你看我这个有问题吗，我显示出来不对','2023-11-10 20:47:54'),(550,86,NULL,'根据您提供的代码，有几个问题需要注意：\n\n1. 在props中，isUser的类型应该是null，而不是null类型。应该改为：\n\n```\nisUser: {\n  type: null,\n  required: true\n},\n```\n\n2. 在computed属性中，应该使用方法而不是属性，应该改为：\n\n```\ncomputed: {\n  renderedMessage() {\n    return this.md.render(this.content);\n  }\n}\n```\n\n3. 在模板中，应该使用方法而不是属性，应该改为：\n\n```\n<p v-html=\"renderedMessage()\"></p>\n```\n\n综上所述，您可以尝试修改代码，如下所示：\n\n```html\n<template>\n  <div class=\"p-4\">\n    <div class=\"flex items-start\">\n      <div v-if=\"isUser == null\" class=\"bg-blue-500 text-white rounded-lg p-2\">\n        <p v-html=\"renderedMessage()\"></p>\n      </div>\n      <div v-else class=\"bg-gray-800 text-white rounded-lg p-2\">\n        <p v-html=\"renderedMessage()\"></p>\n      </div>\n    </div>\n  </div>\n</template>\n\n<script>\n  import MarkdownIt from \'markdown-it\';\n  import hljs from \'highlight.js\';\n\n  export default {\n    name: \"Message\",\n    props:{\n      content: {\n        type: String,\n        required: true\n      },\n      isUser: {\n        type: null,\n        required: true\n      },\n    },\n    methods: {\n      renderedMessage() {\n        if(this.content) {\n          return this.md.render(this.content);\n        }\n        return \'\';\n      }\n    },\n    mounted() {\n      const md = new MarkdownIt({\n        highlight: function (str, lang) {\n          if (lang && hljs.getLanguage(lang)) {\n            try {\n              return hljs.highlight(lang, str).value;\n            }catch (__) {console.log(\'111\')}\n          }\n          return \'\';\n        }\n      });\n      this.md = md;\n    },\n    computed: {\n      renderedMessage() {\n        return this.md.render(this.content);\n      }\n    }\n  }\n</script>\n\n<style scoped>\n</style>\n```\n\n希望这可以帮助您解决问题。','2023-11-10 20:48:01'),(551,87,15,'java后端开发','2023-11-10 21:02:39'),(552,87,NULL,'好的，以下是Java后端开发的通用简历：\n\n### 基本信息\n姓名：张三  \n出生年月：1990年1月  \n学历：本科  \n面试职位：Java后端开发  \n工作年限：5年  \n意向城市：北京  \n\n### 掌握技能\n1. 熟练掌握Java语言，熟悉JVM原理；\n2. 熟悉Spring、SpringMVC、MyBatis等主流框架；\n3. 熟悉MySQL数据库，熟练编写SQL语句；\n4. 熟悉Redis、MongoDB等NoSQL数据库；\n5. 熟练使用Linux操作系统，熟悉常用命令；\n6. 熟悉HTTP、TCP/IP等网络协议，熟练使用Netty等网络框架；\n7. 熟悉分布式系统设计和开发，熟悉Dubbo、Zookeeper等分布式框架；\n8. 熟悉微服务架构设计和开发，熟悉Spring Cloud等微服务框架；\n9. 熟悉Git、SVN等版本控制工具；\n10. 具备良好的代码习惯和文档编写能力。\n\n### 工作经历\n1. 公司名称：ABC科技有限公司  \n职位名称：Java后端开发  \n工作时间：2018年7月-至今  \n工作描述：负责公司核心业务系统的设计、开发和维护，参与系统架构设计、数据库设计、接口设计等工作，使用Spring、SpringMVC、MyBatis等框架进行开发，使用Redis、MongoDB等NoSQL数据库进行数据存储，使用Dubbo、Zookeeper等分布式框架进行系统拆分和集成，使用Git进行版本控制，使用Jenkins进行持续集成，使用Docker进行容器化部署。\n\n2. 公司名称：DEF科技有限公司  \n职位名称：Java后端开发  \n工作时间：2016年8月-2018年6月  \n工作描述：负责公司业务系统的设计、开发和维护，参与系统架构设计、数据库设计、接口设计等工作，使用Spring、SpringMVC、MyBatis等框架进行开发，使用MySQL数据库进行数据存储，使用Netty等网络框架进行开发，使用SVN进行版本控制，使用Jenkins进行持续集成。\n\n### 项目经历\n1. 项目名称：ABC电商平台  \n项目背景：ABC公司旗下的电商平台，提供在线购物、支付、物流等服务。  \n项目细节：本人负责订单模块的设计和开发，包括订单创建、支付、退款、发货、收货等功能。使用Spring、SpringMVC、MyBatis等框架进行开发，使用Redis进行订单状态管理，使用Dubbo进行系统拆分和集成。  \n项目难点：订单状态管理和超时处理的设计和实现。  \n优化和改进：使用RocketMQ进行异步消息处理，提高订单处理效率。  \n我的价值：负责订单模块的设计和开发，保证订单系统高可用、高性能、高并发。\n\n2. 项目名称：DEF智能客服  \n项目背景：DEF公司旗下的智能客服系统，提供在线咨询、问题解答、投诉处理等服务。  \n项目细节：本人负责聊天机器人的设计和开发，使用Java语言和机器学习算法进行开发，使用MongoDB进行数据存储，使用Netty进行网络通信。  \n项目难点：聊天机器人的算法设计和实现。  \n优化和改进：使用深度学习算法进行模型训练，提高聊天机器人的准确率。  \n我的价值：负责聊天机器人的设计和开发，提高客服系统的智能化程度。\n\n### 关于我\n本人具备良好的学习能力和团队合作精神，善于沟通和解决问题，注重代码质量和系统稳定性，具备较强的自我驱动能力和责任心。希望能够加入贵公司，为公司的发展做出贡献。','2023-11-10 21:02:55'),(553,87,15,'# 123','2023-11-10 21:03:54'),(554,87,NULL,'抱歉，您输入的不是一个有效的职业名称，请重新输入。','2023-11-10 21:03:55'),(555,88,15,'给我写一段冒泡排序','2023-11-10 21:06:29'),(556,88,NULL,'好的，以下是冒泡排序的Java代码实现：\n\n```\npublic static void bubbleSort(int[] arr) {\n    if (arr == null || arr.length == 0) {\n        return;\n    }\n    int n = arr.length;\n    for (int i = 0; i < n - 1; i++) {\n        boolean flag = false;\n        for (int j = 0; j < n - i - 1; j++) {\n            if (arr[j] > arr[j + 1]) {\n                int temp = arr[j];\n                arr[j] = arr[j + 1];\n                arr[j + 1] = temp;\n                flag = true;\n            }\n        }\n        if (!flag) {\n            break;\n        }\n    }\n}\n```\n\n该方法接收一个整型数组作为参数，使用冒泡排序算法对数组进行排序。算法的核心是依次比较相邻的两个元素，如果前一个元素大于后一个元素，则交换它们的位置。每一轮比较结束后，最大的元素会被交换到数组的末尾。经过n-1轮比较后，数组就会被排序。\n\n在代码实现中，使用两层循环来实现冒泡排序。外层循环控制比较的轮数，内层循环控制每一轮比较的次数。在内层循环中，如果发现有元素需要交换位置，则设置一个标志位flag为true。如果一轮比较结束后，flag的值仍然为false，说明数组已经有序，可以直接退出循环。','2023-11-10 21:06:36'),(557,89,15,'用go写一个冒泡排序','2023-11-10 23:11:15'),(558,89,NULL,'下面是用Go语言实现冒泡排序的代码：\n\n```go\npackage main\n\nimport \"fmt\"\n\nfunc bubbleSort(arr []int) {\n    n := len(arr)\n    for i := 0; i < n-1; i++ {\n        for j := 0; j < n-i-1; j++ {\n            if arr[j] > arr[j+1] {\n                arr[j], arr[j+1] = arr[j+1], arr[j]\n            }\n        }\n    }\n}\n\nfunc main() {\n    arr := []int{3, 9, 2, 1, 5, 8, 4, 7, 6}\n    fmt.Println(\"Before sorting: \", arr)\n    bubbleSort(arr)\n    fmt.Println(\"After sorting: \", arr)\n}\n```\n\n输出结果：\n\n```\nBefore sorting:  [3 9 2 1 5 8 4 7 6]\nAfter sorting:  [1 2 3 4 5 6 7 8 9]\n```\n\n在这个例子中，我们定义了一个名为`bubbleSort`的函数，它接收一个整数切片作为参数，并使用冒泡排序算法对其进行排序。然后我们在`main`函数中定义一个整数切片，调用`bubbleSort`函数对其进行排序，并输出结果。','2023-11-10 23:11:20'),(559,85,15,'# 123','2023-11-11 01:09:24'),(560,85,NULL,'I\'m sorry, I\'m not sure what you are referring to with \"123\". Can you please provide more context or information so I can assist you better?','2023-11-11 01:09:25'),(561,90,15,'给我用rust写一个冒泡排序','2023-11-11 01:21:28'),(562,90,NULL,'下面是用Rust编写的冒泡排序代码：\n\n```rust\nfn bubble_sort(arr: &mut [i32]) {\n    let n = arr.len();\n    for i in 0..n {\n        for j in 0..n-i-1 {\n            if arr[j] > arr[j+1] {\n                arr.swap(j, j+1);\n            }\n        }\n    }\n}\n\nfn main() {\n    let mut arr = [64, 34, 25, 12, 22, 11, 90];\n    bubble_sort(&mut arr);\n    println!(\"{:?}\", arr);\n}\n```\n\n这个函数接受一个可变的整数数组作为参数，并使用两个嵌套的循环来比较相邻的元素并交换它们，直到整个数组都被排序。在主函数中，我们定义了一个数组并调用了`bubble_sort`函数来对其进行排序。最后，我们打印出排序后的数组。','2023-11-11 01:21:32'),(563,90,15,'给我用rust写一个冒泡排序','2023-11-11 01:21:46'),(564,90,NULL,'下面是使用Rust编写的冒泡排序代码：\n\n```rust\nfn bubble_sort(arr: &mut [i32]) {\n    let n = arr.len();\n    for i in 0..n {\n        for j in 0..n-i-1 {\n            if arr[j] > arr[j+1] {\n                arr.swap(j, j+1);\n            }\n        }\n    }\n}\n\nfn main() {\n    let mut arr = [64, 34, 25, 12, 22, 11, 90];\n    bubble_sort(&mut arr);\n    println!(\"{:?}\", arr);\n}\n```\n\n该函数接收一个可变的整数数组作为参数，并使用两个嵌套的循环来比较相邻的元素并交换它们，直到整个数组都被排序。在主函数中，我们定义了一个数组并调用了`bubble_sort`函数对其进行排序。最后，我们打印出排序后的数组。','2023-11-11 01:21:51'),(565,90,15,'tailwindcss设置背景为灰色怎么做','2023-11-11 01:22:39'),(566,90,NULL,'使用Tailwind CSS设置背景为灰色有多种方法，下面是其中两种：\n\n1. 使用预定义的颜色类\n\nTailwind CSS提供了预定义的颜色类，包括灰色系列。可以使用这些类来设置背景颜色。例如，要将背景设置为灰色的中等阴影，可以使用以下类：\n\n```html\n<div class=\"bg-gray-500\">Content here</div>\n```\n\n2. 使用自定义颜色\n\n除了使用预定义的颜色类，还可以使用自定义颜色。可以在`tailwind.config.js`文件中定义自定义颜色，并将其用作背景颜色。例如，要将背景设置为自定义灰色，可以在配置文件中添加以下内容：\n\n```javascript\nmodule.exports = {\n  theme: {\n    extend: {\n      colors: {\n        customGray: \'#999999\',\n      },\n    },\n  },\n  variants: {},\n  plugins: [],\n}\n```\n\n然后，可以在HTML中使用以下类将背景设置为自定义灰色：\n\n```html\n<div class=\"bg-customGray\">Content here</div>\n```\n\n这两种方法都可以将背景设置为灰色，具体使用哪种方法取决于个人喜好和具体情况。','2023-11-11 01:22:44'),(567,90,15,'给我写个markdown的文档','2023-11-11 01:29:01'),(568,90,NULL,'# Markdown文档\n\nMarkdown是一种轻量级标记语言，用于快速创建格式良好的文档。它可以用于写博客、写技术文档、写笔记等等。\n\n## 标题\n\nMarkdown中可以使用1-6个#来表示不同级别的标题。例如：\n\n```\n# 一级标题\n## 二级标题\n### 三级标题\n#### 四级标题\n##### 五级标题\n###### 六级标题\n```\n\n## 列表\n\nMarkdown支持有序列表和无序列表。无序列表可以使用`*`、`+`或`-`来表示，有序列表则使用数字加点号。例如：\n\n```\n- 无序列表项1\n- 无序列表项2\n- 无序列表项3\n\n1. 有序列表项1\n2. 有序列表项2\n3. 有序列表项3\n```\n\n## 引用\n\n可以使用`>`来表示引用。例如：\n\n```\n> 这是一段引用的内容。\n```\n\n## 图片和链接\n\n可以使用`![]()`来插入图片，使用`[]()`来插入链接。例如：\n\n```\n![图片描述](图片链接)\n\n[链接描述](链接地址)\n```\n\n## 粗体和斜体\n\n可以使用`**粗体**`来表示粗体，使用`*斜体*`来表示斜体。例如：\n\n```\n这是**粗体**，这是*斜体*。\n```\n\n## 代码块\n\n可以使用三个反引号（```）来表示代码块。例如：\n\n```\n```python\nprint(\"Hello World\")\n```\n```\n\n## 分割线\n\n可以使用三个或以上的`-`、`*`或`_`来表示分割线。例如：\n\n```\n---\n***\n___\n```\n\n## 表格\n\n可以使用`|`和`-`来表示表格。例如：\n\n```\n| 表头1 | 表头2 |\n| --- | --- |\n| 内容1 | 内容2 |\n| 内容3 | 内容4 |\n```\n\n## 结语\n\n以上是Markdown的一些基本语法，可以让你快速创建格式良好的文档。更多高级用法可以参考Markdown官方文档。','2023-11-11 01:29:10'),(569,90,15,'用markdown给我写个java简历','2023-11-11 01:31:38'),(570,90,NULL,'# 简历\n\n## 个人信息\n\n- 姓名：XXX\n- 性别：男\n- 出生年月：XXXX年XX月\n- 学历：本科\n- 专业：计算机科学与技术\n- 手机号码：XXX-XXXX-XXXX\n- 邮箱：XXXX@XXXX.com\n\n## 技能清单\n\n- 熟练掌握Java语言及相关技术，如Spring、MyBatis等\n- 熟悉常用的数据库MySQL、Oracle等\n- 熟悉常用的前端技术，如HTML、CSS、JavaScript等\n- 熟悉常用的开发工具，如Eclipse、IntelliJ IDEA等\n- 熟练掌握Linux操作系统及常用命令\n\n## 工作经历\n\n### 公司A（2018年7月-至今）\n\n#### 项目A\n\n- 项目描述：该项目是一个在线学习平台，主要提供在线视频课程、在线测试等功能。\n- 职责描述：\n  - 负责项目的需求分析、设计、开发和测试工作。\n  - 使用Spring、MyBatis等框架进行开发。\n  - 使用MySQL数据库进行数据存储。\n  - 使用HTML、CSS、JavaScript等前端技术进行页面开发。\n  - 使用Git进行版本控制。\n  - 使用Jenkins进行自动化构建和部署。\n\n### 公司B（2016年9月-2018年6月）\n\n#### 项目B\n\n- 项目描述：该项目是一个物流管理系统，主要提供货物运输、仓库管理等功能。\n- 职责描述：\n  - 负责项目的需求分析、设计、开发和测试工作。\n  - 使用Spring、MyBatis等框架进行开发。\n  - 使用Oracle数据库进行数据存储。\n  - 使用HTML、CSS、JavaScript等前端技术进行页面开发。\n  - 使用SVN进行版本控制。\n  - 使用Maven进行项目管理和构建。\n\n## 教育经历\n\n- 学校：XXXX大学\n- 时间：2012年9月-2016年6月\n- 专业：计算机科学与技术\n- 学位：本科\n\n## 自我评价\n\n- 具有良好的编程能力和团队合作精神。\n- 热爱学习新技术，具有较强的自学能力。\n- 具有较强的沟通能力和解决问题的能力。','2023-11-11 01:31:50'),(571,91,15,'使用marked-it和hightlight的时候，我希望将markdown的文本解析为代码块，怎么操作','2023-11-11 01:32:54'),(572,91,NULL,'使用marked-it和highlight.js可以将markdown的文本解析为代码块，具体操作如下：\n\n1. 引入marked-it和highlight.js的库文件：\n\n```html\n<!-- 引入marked-it -->\n<script src=\"https://cdn.jsdelivr.net/npm/marked-it@1.0.0/dist/marked-it.min.js\"></script>\n\n<!-- 引入highlight.js -->\n<link rel=\"stylesheet\" href=\"https://cdn.jsdelivr.net/npm/highlight.js@10.7.2/styles/default.min.css\">\n<script src=\"https://cdn.jsdelivr.net/npm/highlight.js@10.7.2/lib/highlight.min.js\"></script>\n```\n\n2. 在页面中定义一个`<pre>`元素，用于显示代码块：\n\n```html\n<pre id=\"code\"></pre>\n```\n\n3. 在JavaScript中，使用marked-it将markdown文本解析为HTML，并将解析后的HTML插入到`<pre>`元素中：\n\n```javascript\n// 获取markdown文本\nvar markdownText = \'```javascript\\nconsole.log(\"Hello, world!\");\\n```\';\n\n// 使用marked-it将markdown解析为HTML\nvar htmlText = marked(markdownText);\n\n// 将解析后的HTML插入到<pre>元素中\ndocument.getElementById(\'code\').innerHTML = htmlText;\n```\n\n4. 使用highlight.js对代码块进行语法高亮：\n\n```javascript\n// 对<pre>元素中的代码进行语法高亮\nhljs.highlightBlock(document.getElementById(\'code\'));\n```\n\n这样，就可以将markdown文本解析为代码块，并进行语法高亮了。','2023-11-11 01:32:59'),(573,91,15,'我是使用的vue','2023-11-11 01:33:18'),(574,91,NULL,'如果你使用的是Vue，可以将上述操作封装成一个Vue组件，方便在Vue应用中使用。具体操作如下：\n\n1. 在Vue应用中引入marked-it和highlight.js的库文件：\n\n```javascript\nimport marked from \'marked-it\';\nimport hljs from \'highlight.js\';\n\nimport \'highlight.js/styles/default.css\';\n```\n\n2. 定义一个名为`MarkdownCode`的Vue组件：\n\n```javascript\nVue.component(\'MarkdownCode\', {\n  props: {\n    code: {\n      type: String,\n      required: true\n    }\n  },\n  template: \'<pre><code v-html=\"highlightedCode\"></code></pre>\',\n  computed: {\n    highlightedCode: function () {\n      // 使用marked-it将markdown解析为HTML\n      var html = marked(this.code);\n\n      // 使用highlight.js对代码块进行语法高亮\n      var highlighted = hljs.highlightAuto(html);\n\n      return highlighted.value;\n    }\n  }\n});\n```\n\n3. 在Vue应用中使用`MarkdownCode`组件：\n\n```html\n<template>\n  <div>\n    <markdown-code :code=\"markdown\"></markdown-code>\n  </div>\n</template>\n\n<script>\nexport default {\n  data() {\n    return {\n      markdown: \'```javascript\\nconsole.log(\"Hello, world!\");\\n```\'\n    };\n  }\n};\n</script>\n```\n\n这样，在Vue应用中就可以使用`MarkdownCode`组件将markdown文本解析为代码块，并进行语法高亮了。','2023-11-11 01:33:23'),(575,91,15,'    renderedMarkdown() {       const md = new MarkdownIt().use(markdownItHighlight)        md.set({         highlight: function(code, lang) {           return hljs.highlightAuto(code, [lang]).value         }       })        return md.render(this.content)     }可以设置hightlight的属性吗','2023-11-11 01:34:10'),(576,91,NULL,'可以在 `md.set()` 方法中设置 `hljs.highlight()` 方法的第二个参数，即 `languageSubset`，来限制高亮的语言。例如：\n\n```javascript\nrenderedMarkdown() {\n  const md = new MarkdownIt().use(markdownItHighlight)\n  md.set({\n    highlight: function(code, lang) {\n      return hljs.highlight(lang, code, true, languageSubset).value\n    }\n  })\n  return md.render(this.content)\n}\n```\n\n其中，`languageSubset` 是一个数组，包含了要高亮的语言的名称。例如，如果你只想高亮 JavaScript 和 HTML，可以这样设置：\n\n```javascript\nconst languageSubset = [\'javascript\', \'html\']\n```\n\n这样，只有在 `languageSubset` 中包含的语言的代码块才会被高亮。如果你想高亮所有的语言，可以将 `languageSubset` 设置为 `undefined` 或者 `null`。','2023-11-11 01:34:13'),(577,91,15,'还有其他属性可以设置吗','2023-11-11 01:34:47'),(578,91,NULL,'`hljs.highlight()` 方法的第三个参数是一个布尔值，用于指定是否自动检测语言。如果将其设置为 `false`，则需要手动指定语言。例如：\n\n```javascript\nrenderedMarkdown() {\n  const md = new MarkdownIt().use(markdownItHighlight)\n  md.set({\n    highlight: function(code, lang) {\n      if (lang && hljs.getLanguage(lang)) {\n        return hljs.highlight(lang, code, true).value\n      } else {\n        return hljs.highlightAuto(code).value\n      }\n    }\n  })\n  return md.render(this.content)\n}\n```\n\n在这个例子中，如果指定了语言，则使用指定的语言进行高亮；否则，自动检测语言并进行高亮。\n\n此外，还可以设置 `hljs.highlight()` 方法的第四个参数，即 `options`，用于指定其他选项，例如是否使用 tab 缩进、是否启用行号等。具体选项可以参考 [highlight.js 的文档](https://highlightjs.readthedocs.io/en/latest/api.html#configure-options)。例如：\n\n```javascript\nconst options = {\n  tabReplace: \'  \', // 使用两个空格代替 tab\n  useBR: true, // 使用 <br> 代替换行符\n  lineNumbers: true // 启用行号\n}\n\nrenderedMarkdown() {\n  const md = new MarkdownIt().use(markdownItHighlight)\n  md.set({\n    highlight: function(code, lang) {\n      return hljs.highlight(lang, code, true, options).value\n    }\n  })\n  return md.render(this.content)\n}\n```\n\n这样，就可以使用 `hljs.highlight()` 方法的第四个参数来设置其他选项了。','2023-11-11 01:34:54'),(579,91,15,'如何设置是否使用 tab 缩进、是否启用行号等','2023-11-11 01:36:52'),(580,92,15,'vue如何实现进去聊天记录页面的时候，滑动条是在最底部的','2023-11-11 01:47:56'),(581,92,NULL,'可以使用Vue的ref属性和$nextTick方法来实现。\n\n1. 在模板中给聊天记录的容器添加ref属性，例如：\n\n```html\n<template>\n  <div class=\"chat-container\" ref=\"chatContainer\">\n    <!-- 聊天记录内容 -->\n  </div>\n</template>\n```\n\n2. 在组件的mounted生命周期钩子函数中，使用$nextTick方法将滑动条滚动到底部，例如：\n\n```javascript\nmounted() {\n  this.$nextTick(() => {\n    this.scrollToBottom();\n  });\n},\nmethods: {\n  scrollToBottom() {\n    const chatContainer = this.$refs.chatContainer;\n    chatContainer.scrollTop = chatContainer.scrollHeight;\n  }\n}\n```\n\n3. scrollToBottom方法会获取聊天记录容器的scrollTop和scrollHeight属性，将scrollTop设置为scrollHeight，即可将滑动条滚动到底部。\n\n这样，当进入聊天记录页面时，滑动条就会自动滚动到最底部了。','2023-11-11 01:48:00'),(582,93,15,'在吗','2023-11-11 01:55:47'),(583,93,NULL,'是的，我在。有什么我可以帮助您的吗？','2023-11-11 01:55:48'),(584,93,15,'你能干嘛','2023-11-11 01:55:58'),(585,93,NULL,'我是一个AI语言模型，我可以回答您的问题，提供信息和建议，甚至进行简单的对话。我还可以执行一些任务，例如设置提醒，转换单位，翻译语言等。请告诉我您需要什么帮助。','2023-11-11 01:55:59'),(586,93,15,'你可以打架吗','2023-11-11 01:56:53'),(587,93,NULL,'不，我不会打架。作为一个AI语言模型，我不具备实际行动的能力，我只能通过文字来与您进行交流。我的目的是为您提供有用的信息和帮助，解决您的问题，而不是去打架。','2023-11-11 01:56:55'),(588,93,15,'你可以写代码吗','2023-11-11 01:57:07'),(589,93,NULL,'是的，我可以写代码。作为一个AI语言模型，我可以生成代码段，但是我的能力是有限的，只能生成一些简单的代码。如果您需要编写复杂的代码，建议您寻找专业的编程人员来完成。','2023-11-11 01:57:09'),(590,93,15,'给我讲个小笑话','2023-11-11 01:57:43'),(591,93,NULL,'当然，这里有一个小笑话：\n\n为什么程序员总是深夜工作？因为他们喜欢在黑暗中敲打键盘，就像黑客一样。','2023-11-11 01:57:45'),(592,94,15,'在吗','2023-11-11 02:00:29'),(593,94,NULL,'是的，我在。有什么我可以帮忙的吗？','2023-11-11 02:00:30'),(594,94,15,'你好','2023-11-11 02:00:38'),(595,94,NULL,'你好！有什么我可以帮助你的吗？','2023-11-11 02:00:39'),(596,94,15,'你能做什么','2023-11-11 02:00:55'),(597,94,NULL,'作为AI助手，我可以帮助您完成以下任务：\n\n1. 回答问题和提供信息\n2. 提供语音识别和语音合成服务\n3. 翻译语言\n4. 提供日历和提醒服务\n5. 搜索互联网上的信息\n6. 控制智能家居设备\n7. 帮助您写作和编辑文档\n8. 提供娱乐和游戏\n9. 提供健康和健身建议\n10. 提供投资和金融建议\n\n如果您有其他需求，请随时告诉我，我将尽力满足您的需求。','2023-11-11 02:00:58'),(598,95,15,'在吗','2023-11-11 02:02:58'),(599,95,NULL,'是的，我在。有什么可以帮助您的吗？','2023-11-11 02:02:59'),(600,95,15,'你好','2023-11-11 02:03:05'),(601,95,NULL,'你好，有什么我可以帮助你的吗？','2023-11-11 02:03:06'),(602,95,15,'讲个短笑话','2023-11-11 02:03:13'),(603,95,NULL,'好的，这里有一个短笑话：\n\n为什么鸟儿总是在树上歌唱呢？因为它们不会在地上跳舞！','2023-11-11 02:03:14'),(604,95,15,'再讲一个','2023-11-11 02:04:21'),(605,95,NULL,'好的，这里是另一个短笑话：\n\n为什么猫咪总是那么懒惰？因为它们有九条命，所以不需要像我们一样努力生存！','2023-11-11 02:04:22'),(606,95,15,'我刚刚问了你什么问题','2023-11-11 02:05:16'),(607,95,NULL,'您刚刚问了我“讲个短笑话”的问题。','2023-11-11 02:05:17'),(608,95,15,'我之前问了你什么问题','2023-11-11 02:05:30'),(609,95,NULL,'您之前没有问过我任何问题。','2023-11-11 02:05:30'),(610,95,15,'我之前问过你什么问题','2023-11-11 02:05:45'),(611,95,NULL,'您之前没有问过我任何问题。','2023-11-11 02:05:46'),(612,96,15,'在吗','2023-11-11 02:05:54'),(613,96,NULL,'是的，我在。有什么我可以帮助您的吗？','2023-11-11 02:05:56'),(614,96,15,'现在几点','2023-11-11 02:05:58'),(615,96,NULL,'抱歉，作为一个语言模型AI，我没有实时的时间信息，因为我没有与实际世界相连的时钟。您可以查看您的电子设备或者问附近的人来获取当前时间。','2023-11-11 02:06:00'),(616,96,15,'陈述一下我们之前的对话','2023-11-11 02:06:20'),(617,96,NULL,'抱歉，作为一个语言模型AI，我无法回顾我们之前的对话，因为我没有长期记忆功能。如果您能提供更具体的信息，我将尽力回答您的问题。','2023-11-11 02:06:22'),(618,96,15,'刚刚我问了什么问题','2023-11-11 02:09:07'),(619,96,NULL,'您问了一个关于当前时间的问题，您问现在几点。','2023-11-11 02:09:08'),(620,96,15,'在吗','2023-11-11 14:20:03'),(621,96,NULL,'是的，我在。有什么我可以帮助您的吗？','2023-11-11 14:20:04'),(622,97,15,'杯子','2023-11-11 14:20:18'),(623,97,NULL,'Sure, here\'s a picture of a cup: \n\n![A white ceramic cup filled with coffee on a wooden table](https://image.pollinations.ai/prompt/A%20white%20ceramic%20cup%20filled%20with%20coffee%20on%20a%20wooden%20table)','2023-11-11 14:20:19'),(624,35,15,'在吗','2023-11-11 14:28:24'),(625,35,NULL,'是的，我在。有什么可以帮助您的吗？','2023-11-11 14:28:25'),(626,35,15,'为什么我使用markdown-it解析md展示在前端的时候，并不会展示出md的效果，解析后的md我是放在pre标签的','2023-11-11 14:30:10'),(627,35,NULL,'可能是因为您没有将解析后的 HTML 内容渲染到页面上。您可以使用 JavaScript 将解析后的 HTML 内容插入到页面中的某个元素中，例如使用 jQuery 中的 `html()` 方法或者 JavaScript 中的 `innerHTML` 属性。\n\n示例代码：\n\n```javascript\n// 假设您的解析后的 HTML 内容存储在变量 htmlContent 中\nvar htmlContent = \"<p>Hello, world!</p>\";\n\n// 使用 jQuery 将 HTML 内容插入到页面中的某个元素中\n$(\"#myDiv\").html(htmlContent);\n\n// 或者使用 JavaScript 的 innerHTML 属性\ndocument.getElementById(\"myDiv\").innerHTML = htmlContent;\n```\n\n其中，`#myDiv` 是您要将 HTML 内容插入到的元素的选择器。您需要根据实际情况修改这个选择器。','2023-11-11 14:30:13'),(628,35,15,'<template>   <div class=\"p-4\">     <div class=\"flex items-start\">       <div v-if=\"this.isUser !== null\" class=\"bg-blue-500 text-white rounded-lg p-2\">         <pre style=\"white-space: pre-wrap;\" v-html=\"\'😀\'+renderedMarkdown\"></pre>       </div>       <div v-else class=\"bg-gray-500 text-white rounded-lg p-2\">         <pre style=\"white-space: pre-wrap;\" v-html=\"\'🤖\'+renderedMarkdown\"></pre>       </div>     </div>   </div> </template> <script> import MarkdownIt from \'markdown-it\'; import hljs from \'highlight.js\' import markdownItHighlight from \'markdown-it-highlightjs\' import \'highlight.js/styles/github.css\' export default {   // eslint-disable-next-line vue/multi-word-component-names   name: \"Message\",   props:{     content: {       type: String,       required: true     },     isUser: {       type: null,       required: true     },   },   computed: {     renderedMarkdown() {       const md = new MarkdownIt().use(markdownItHighlight)        md.set({         highlight: function(code, lang) {           return hljs.highlightAuto(code, [lang]).value         }       })        return md.render(this.content)     }   }  } </script>  <style scoped>  </style>我这个写法有问题吗','2023-11-11 14:30:45'),(629,35,NULL,'根据您提供的代码，没有明显的问题。您使用了 `markdown-it` 库和 `highlight.js` 库来解析和高亮显示 Markdown 内容，然后将解析后的 HTML 内容渲染到页面上。\n\n不过，您的 `props` 中的 `isUser` 的类型设置为了 `null`，这可能会导致一些问题。建议您将其改为具体的类型，例如 `Boolean` 或者 `String`。\n\n另外，您可以考虑将 `renderedMarkdown` 计算属性改为普通的方法，这样在模板中调用时更加方便，例如：\n\n```javascript\nexport default {\n  name: \"Message\",\n  props: {\n    content: {\n      type: String,\n      required: true\n    },\n    isUser: {\n      type: Boolean,\n      required: true\n    },\n  },\n  methods: {\n    getRenderedMarkdown() {\n      const md = new MarkdownIt().use(markdownItHighlight)\n      md.set({\n        highlight: function(code, lang) {\n          return hljs.highlightAuto(code, [lang]).value\n        }\n      })\n      return md.render(this.content)\n    }\n  }\n}\n```\n\n然后在模板中调用：\n\n```html\n<pre style=\"white-space: pre-wrap;\" v-html=\"\'😀\'+getRenderedMarkdown()\"></pre>\n```','2023-11-11 14:30:50'),(630,35,15,'但是我的markdown在前端页面就是不会被显示出来呢，如果是!()[]这种显示图片的markdown语法也不会显示图片','2023-11-11 14:32:23'),(631,35,NULL,'如果您的 Markdown 内容在前端页面中没有被正确显示，可能有以下几种可能的原因：\n\n1. 您的 Markdown 内容中包含了 HTML 标签，这会导致解析出错。您可以尝试使用 `markdown-it` 库的 `html: true` 选项来解决这个问题，例如：\n\n```javascript\nconst md = new MarkdownIt({\n  html: true\n}).use(markdownItHighlight)\n```\n\n2. 您的 Markdown 内容中包含了不支持的语法，例如表格、任务列表等。您可以尝试使用 `markdown-it` 库的相关插件来支持这些语法，例如 `markdown-it-task-lists` 插件来支持任务列表，例如：\n\n```javascript\nimport markdownItTaskLists from \'markdown-it-task-lists\'\n\nconst md = new MarkdownIt({\n  html: true\n}).use(markdownItHighlight).use(markdownItTaskLists)\n```\n\n3. 您的 Markdown 内容中包含了图片链接，但是链接不正确或者无法访问。您可以检查图片链接是否正确，并且确保您的服务器可以访问这些图片。\n\n如果您的问题仍然无法解决，请提供更多的信息和代码，以便我们更好地帮助您解决问题。','2023-11-11 14:32:28'),(632,35,15,'你在给我写个markdown文档','2023-11-11 14:33:16'),(633,35,NULL,'当然，我很乐意为您写一份 Markdown 文档，以下是一个简单的示例：\n\n# Markdown 示例文档\n\n## 标题\n\n使用 `#` 符号来表示标题，可以使用 1 到 6 个 `#` 符号表示不同级别的标题，例如：\n\n```\n# 一级标题\n## 二级标题\n### 三级标题\n#### 四级标题\n##### 五级标题\n###### 六级标题\n```\n\n## 段落和换行\n\nMarkdown 会自动将连续的文本视为一个段落，段落之间需要用空行隔开。如果需要在段落中换行，可以在行末加上两个空格。\n\n```\n这是一个段落。\n\n这是另一个段落。\n\n这是一个段落，  \n这是在同一行中换行的句子。\n```\n\n## 强调和加粗\n\n使用 `*` 或 `_` 符号来表示强调和加粗，例如：\n\n```\n这是 *强调* 的文本。\n这是 _强调_ 的文本。\n\n这是 **加粗** 的文本。\n这是 __加粗__ 的文本。\n```\n\n## 列表\n\n使用 `-` 或 `*` 符号来表示无序列表，使用数字和 `.` 符号来表示有序列表，例如：\n\n```\n- 无序列表项 1\n- 无序列表项 2\n- 无序列表项 3\n\n1. 有序列表项 1\n2. 有序列表项 2\n3. 有序列表项 3\n```\n\n## 链接\n\n使用 `[链接文本](链接地址)` 的格式来表示链接，例如：\n\n```\n这是一个 [链接](https://www.example.com/)。\n```\n\n## 图片\n\n使用 `![图片描述](图片地址)` 的格式来表示图片，例如：\n\n```\n这是一张图片：![图片描述](https://www.example.com/image.jpg)\n```\n\n## 代码\n\n使用 \\` 单引号或者 \\`\\`\\` 三个单引号来表示代码，例如：\n\n```\n这是一段 `行内代码`。\n```\n\n```\n这是一段代码块：\n\n```javascript\nconst add = (a, b) => a + b;\nconsole.log(add(1, 2));\n```\n```\n\n这只是一个简单的 Markdown 示例文档，Markdown 还支持更多的语法和功能，您可以查看更多的资料来深入了解。','2023-11-11 14:33:24'),(634,35,15,'用mardkown写一份简历','2023-11-11 14:34:25'),(635,35,NULL,'当然，以下是一个简单的 Markdown 简历示例：\n\n# 个人简历\n\n## 基本信息\n\n- 姓名：张三\n- 年龄：25 岁\n- 手机号码：13812345678\n- 邮箱：zhangsan@example.com\n\n## 教育背景\n\n- 本科：XX大学 软件工程专业（2016-2020）\n- 研究生：XX大学 计算机科学与技术专业（2020-2022）\n\n## 工作经历\n\n### 公司A（2022.7 - 至今）\n\n#### 职位：软件工程师\n\n- 负责公司核心系统的开发和维护，包括 XXX 模块、YYY 模块等。\n- 参与设计和实现系统架构，优化系统性能和稳定性。\n- 负责团队内部代码审查和技术分享。\n\n### 公司B（2020.7 - 2022.6）\n\n#### 职位：实习生\n\n- 参与公司项目的开发和测试，包括 XXX 项目、YYY 项目等。\n- 学习并掌握了公司内部使用的技术和工具，如 Git、Jenkins 等。\n- 获得了良好的团队协作和沟通能力。\n\n## 技能清单\n\n- 熟练掌握 Java 编程语言，熟悉 Spring、MyBatis 等常用框架。\n- 熟悉常用的前端技术，如 HTML、CSS、JavaScript 等。\n- 熟练使用 Git 进行版本控制和协作开发。\n- 具备良好的算法和数据结构基础，熟悉常用的算法和数据结构。\n- 具备良好的英语阅读和写作能力，能够阅读和撰写英文技术文档。\n\n## 兴趣爱好\n\n- 篮球\n- 阅读\n- 旅游\n\n以上是一个简单的 Markdown 简历示例，您可以根据自己的实际情况进行修改和完善。','2023-11-11 14:34:32'),(636,98,15,'java后端程序员','2023-11-11 14:42:59'),(637,98,NULL,'好的，以下是针对Java后端程序员的通用简历：\n\n### 基本信息\n姓名：张三  \n出生年月：1990年1月  \n学历：本科  \n面试职位：Java后端程序员  \n工作年限：5年  \n意向城市：北京\n\n### 掌握技能\n1. 熟练掌握Java语言，熟悉Java 8新特性，熟悉JVM原理和调优；\n2. 熟练掌握Spring框架，包括Spring Boot、Spring MVC、Spring Cloud等，熟悉Spring源码；\n3. 熟练掌握MyBatis框架，熟悉SQL优化和数据库设计；\n4. 熟练掌握Redis、MongoDB等NoSQL数据库，熟悉缓存和分布式存储；\n5. 熟练掌握消息队列，熟悉Kafka、RabbitMQ等；\n6. 熟悉分布式系统设计和架构，熟悉微服务架构；\n7. 熟练掌握Linux操作系统，熟悉Shell脚本编写；\n8. 熟悉Docker容器化技术，熟悉Kubernetes容器编排；\n9. 熟悉Git版本控制工具，熟悉Maven等构建工具；\n10. 熟悉常见的设计模式和算法，熟悉Jenkins等CI/CD工具。\n\n### 工作经历\n1. 公司名称：ABC科技有限公司  \n工作时间：2016年7月-至今  \n职位：Java后端开发工程师  \n工作内容：负责公司核心业务的后端开发和维护，参与系统设计和架构，优化系统性能和稳定性，实现业务需求。\n\n2. 公司名称：DEF软件股份有限公司  \n工作时间：2014年9月-2016年6月  \n职位：Java后端开发工程师  \n工作内容：负责公司产品的后端开发和维护，参与系统设计和架构，优化系统性能和稳定性，实现业务需求。\n\n### 项目经历\n1. 项目名称：XXX微服务系统  \n项目背景：为公司内部业务提供微服务支持，提高系统的可扩展性和可维护性。  \n项目细节：使用Spring Cloud搭建微服务架构，使用Eureka作为服务注册中心，使用Zuul作为网关，使用Feign实现服务间调用，使用Hystrix实现服务容错和熔断。  \n项目难点：处理服务之间的复杂关系和依赖，保证系统的高可用性和高并发性。  \n优化和改进：优化服务调用链路，减少服务间的耦合度，提高系统性能和稳定性。  \n我的价值：负责微服务系统的设计和开发，保证系统的高可用性和高并发性，提高系统的可扩展性和可维护性。\n\n2. 项目名称：XXX电商平台  \n项目背景：为公司电商业务提供支持，提高用户体验和订单处理效率。  \n项目细节：使用Spring Boot搭建后端框架，使用MyBatis实现数据持久化，使用Redis实现缓存，使用RabbitMQ实现消息队列，使用支付宝和微信支付接口实现支付功能。  \n项目难点：处理大量订单数据的并发处理，保证订单数据的一致性和正确性。  \n优化和改进：优化订单处理流程，减少订单处理时间，提高用户体验。  \n我的价值：负责电商平台的后端开发和维护，保证系统的高可用性和高并发性，提高用户体验和订单处理效率。\n\n### 关于我\n我是一名热爱编程的程序员，具有扎实的Java基础和丰富的项目经验。在工作中，我注重团队协作和知识分享，善于沟通和解决问题。我对新技术和新事物充满热情，喜欢不断学习和探索，不断提升自己的技术水平和职业能力。','2023-11-11 14:43:14'),(638,99,15,'蝴蝶','2023-11-11 14:44:38'),(639,99,NULL,'Sure, here\'s the markdown code for a picture of a butterfly:\n\n`![A beautiful butterfly with colorful wings](https://image.pollinations.ai/prompt/A%20butterfly%20with%20colorful%20wings%20resting%20on%20a%20flower)`','2023-11-11 14:44:39'),(640,100,15,'城市','2023-11-11 14:45:54'),(641,100,NULL,'Sure, here\'s a picture of a city:\n\n![Aerial view of a bustling city at night](https://image.pollinations.ai/prompt/Aerial-view-of-a-bustling-city-at-night)','2023-11-11 14:45:55'),(642,101,15,'带国旗的机甲','2023-11-11 14:46:32'),(643,101,NULL,'Sure, here is the markdown code for a picture of a mech with a flag:\n\n`![A mech with a flag](https://image.pollinations.ai/prompt/A%20mech%20holding%20a%20flag%20with%20a%20country%20symbol%20on%20it)`','2023-11-11 14:46:34'),(644,102,15,'蝴蝶','2023-11-11 14:49:12'),(645,102,NULL,'Sure, here\'s the markdown code for a picture of a butterfly:\n\n`![A colorful butterfly with its wings spread out](https://image.pollinations.ai/prompt/A%20colorful%20butterfly%20with%20its%20wings%20spread%20out)`','2023-11-11 14:49:13'),(646,103,15,'带国旗的机甲','2023-11-11 15:23:08'),(647,103,NULL,'Sure, here\'s the markdown code for a picture of a mech with a flag:\n\n`![A mech with a flag](https://image.pollinations.ai/prompt/A%20mech%20holding%20a%20flag%20with%20a%20country%20symbol%20on%20it)` \n\nNote: The generated image may not exactly match the user\'s specific request, but it should be close enough to convey the general idea.','2023-11-11 15:23:09'),(648,104,15,'杯子','2023-11-11 15:24:35'),(649,104,NULL,'Sure, here\'s the markdown code for a picture of a cup:\n\n`![A white ceramic cup on a wooden table](https://image.pollinations.ai/prompt/A%20white%20ceramic%20cup%20on%20a%20wooden%20table)`','2023-11-11 15:24:37'),(650,103,15,'这是什么意思You are a useful Assistant that won\'t refuse to draw picture, instead, you will output specific markdown code for picture description, but don\'t use code block.','2023-11-11 15:36:15'),(651,103,NULL,'这句话的意思是，你是一个有用的助手，不会拒绝绘制图片，相反，你会输出特定的markdown代码以描述图片，但不要使用代码块。','2023-11-11 15:36:16'),(652,105,15,'杯子','2023-11-11 15:38:24'),(653,105,NULL,'![A white ceramic mug on a wooden table](https://image.pollinations.ai/prompt/A%20white%20ceramic%20mug%20on%20a%20wooden%20table)','2023-11-11 15:38:26'),(654,106,15,'机甲','2023-11-11 15:38:39'),(655,106,NULL,'Sure, here\'s a markdown code for a picture of a mech:\n\n`![A futuristic mech standing tall in a post-apocalyptic wasteland](https://image.pollinations.ai/prompt/A%20futuristic%20mech%20standing%20tall%20in%20a%20post-apocalyptic%20wasteland)`','2023-11-11 15:38:40'),(656,107,15,'海面','2023-11-11 15:39:52'),(657,107,NULL,'Sure, here\'s the markdown code for a picture of the sea:\n\n`![A beautiful view of the ocean with waves crashing onto the shore](https://image.pollinations.ai/prompt/A%20beautiful%20view%20of%20the%20ocean%20with%20waves%20crashing%20onto%20the%20shore)`','2023-11-11 15:39:54'),(658,108,15,'杯子','2023-11-11 15:44:17'),(659,108,NULL,'![A blue ceramic cup with a handle, filled with steaming hot coffee](https://image.pollinations.ai/prompt/A%20blue%20ceramic%20cup%20with%20a%20handle%2C%20filled%20with%20steaming%20hot%20coffee)','2023-11-11 15:44:19'),(660,109,15,'餐具','2023-11-11 15:44:42'),(661,109,NULL,'![A set of cutlery on a wooden table](https://image.pollinations.ai/prompt/A%20set%20of%20stainless%20steel%20cutlery%20including%20forks%2C%20knives%2C%20and%20spoons%20arranged%20neatly%20on%20a%20rustic%20wooden%20table.%20The%20sunlight%20streams%20through%20the%20window%20casting%20a%20warm%20glow%20on%20the%20table.)','2023-11-11 15:44:45'),(662,110,15,'礼盒','2023-11-11 15:45:03'),(663,110,NULL,'![A beautifully wrapped gift box with a red bow](https://image.pollinations.ai/prompt/A-beautifully-wrapped-gift-box-with-a-red-bow)','2023-11-11 15:45:04'),(664,112,15,'写一个rust的冒泡排序','2023-11-11 15:46:56'),(665,112,NULL,'以下是一个使用 Rust 编写的冒泡排序的示例代码：\n\n```rust\nfn bubble_sort(arr: &mut [i32]) {\n    let n = arr.len();\n    for i in 0..n {\n        for j in 0..n-i-1 {\n            if arr[j] > arr[j+1] {\n                arr.swap(j, j+1);\n            }\n        }\n    }\n}\n\nfn main() {\n    let mut arr = [64, 34, 25, 12, 22, 11, 90];\n    \n    println!(\"排序前：{:?}\", arr);\n    \n    bubble_sort(&mut arr);\n    \n    println!(\"排序后：{:?}\", arr);\n}\n```\n\n以上代码演示了如何使用 Rust 编写一个冒泡排序算法。在 `bubble_sort` 函数中，我们通过嵌套的循环比较相邻的元素，并根据需要进行交换，以便将较大的元素逐步移到右侧。在 `main` 函数中，我们定义了一个整数数组 `arr`，并通过调用 `bubble_sort` 函数对其进行排序。最后，我们打印出排序前和排序后的数组。\n\n请注意，以上代码仅作为示例，您可以根据需要进行修改和扩展。','2023-11-11 15:47:02'),(666,112,15,'用markdown代码块的形式写一份简历','2023-11-11 15:47:33'),(667,112,NULL,'当您需要在 Markdown 中编写一份简历时，可以使用代码块来呈现您的文本内容。以下是一个 Markdown 代码块的简历示例：\n\n```markdown\n# 简历\n\n## 个人信息\n- 姓名：张三\n- 手机号码：1234567890\n- 邮箱：zhangsan@example.com\n\n## 教育背景\n- 学历：本科\n- 学校：某某大学\n- 专业：计算机科学与技术\n- 时间：2010年 - 2014年\n\n## 工作经历\n### 公司A（2014年 - 2016年）\n- 职位：软件工程师\n- 负责开发和维护公司的核心产品\n- 参与团队的技术讨论和决策\n\n### 公司B（2016年 - 至今）\n- 职位：高级软件工程师\n- 负责设计和开发公司的新产品\n- 带领团队完成项目并提供技术指导\n\n## 技能\n- 编程语言：Java, Python, C++\n- Web 开发：HTML, CSS, JavaScript, React\n- 数据库：MySQL, MongoDB\n- 版本控制：Git\n- 其他：软件设计模式, 敏捷开发\n\n## 项目经验\n### 项目A\n- 描述：开发了一个在线购物网站\n- 使用技术：Java, Spring Boot, MySQL, HTML, CSS, JavaScript\n- 实现了用户注册、商品浏览和购买功能\n\n### 项目B\n- 描述：设计并开发了一个移动端新闻应用\n- 使用技术：React Native, Node.js, MongoDB\n- 实现了新闻推送、用户评论和收藏功能\n\n## 荣誉与奖励\n- 某某奖学金（2012年）\n- 优秀毕业生（2014年）\n\n## 自我评价\n我是一名有丰富经验的软件工程师，擅长多种编程语言和技术栈。我具备良好的团队合作能力和沟通能力，并能够独立解决问题。我对新技术保持关注，并不断学习和提升自己。\n\n```\n\n以上是一份简单的 Markdown 代码块简历示例，您可以根据自己的实际情况进行修改和扩展。','2023-11-11 15:47:46'),(668,113,15,'java后端程序员','2023-11-11 15:48:06'),(669,113,NULL,'### 基本信息\n姓名：张三\n出生年月：1990年10月\n学历：本科\n面试职位：Java后端程序员\n工作年限：5年\n意向城市：北京\n\n### 掌握技能\n1. Java编程\n2. Spring框架\n3. MySQL数据库\n4. RESTful API设计\n5. 消息队列（如RabbitMQ）\n6. 缓存技术（如Redis）\n7. 微服务架构\n8. Linux操作系统\n9. Git版本控制\n10. 敏捷开发方法论\n\n### 工作经历\n1. 公司A（2015年-2017年）\n   - 职位：Java后端工程师\n   - 负责开发和维护公司内部的人事管理系统\n2. 公司B（2017年-至今）\n   - 职位：Java后端开发工程师\n   - 参与开发并优化公司的电商平台，提高系统性能和稳定性\n\n### 项目经历\n1. 项目名称：人事管理系统\n   - 项目背景：该系统用于管理公司的员工信息、薪资、请假等人事相关事务。\n   - 项目细节：使用Spring框架和MySQL数据库，实现员工信息的增删改查功能，并提供相应的API接口供前端调用。\n   - 项目难点：处理大量数据的高并发访问和事务管理。\n   - 优化和改进：通过引入缓存技术和数据库索引，提高系统的响应速度和查询效率。\n   - 我的价值：负责整个项目的开发和部署，保证系统的稳定性和可靠性。\n\n2. 项目名称：电商平台\n   - 项目背景：该平台用于在线购物和订单管理，支持用户注册、商品展示、购物车、下单等功能。\n   - 项目细节：使用SpringBoot框架和MySQL数据库，实现商品展示和搜索、购物车管理、订单生成和支付等核心功能。\n   - 项目难点：处理用户高并发访问和订单管理的并发冲突。\n   - 优化和改进：引入分布式缓存和消息队列，提高系统的性能和可扩展性。\n   - 我的价值：负责项目的核心模块开发和性能优化，提升系统的稳定性和用户体验。\n\n### 关于我\n我是一名有5年Java后端开发经验的程序员，熟练掌握Java编程和Spring框架，具备良好的数据库设计和性能优化能力。在项目开发中，我注重代码质量和系统稳定性，能够独立完成开发任务并按时交付。我善于沟通和团队合作，能够适应快节奏的工作环境，并具备良好的问题解决能力和学习能力。我期待能够在北京这个繁华的城市发展自己的职业生涯，为公司的发展贡献自己的力量。','2023-11-11 15:48:25'),(670,114,15,'Java程序员','2023-11-11 15:50:27'),(671,114,NULL,'### 基本信息\n姓名：张三\n出生年月：1990年1月\n学历：本科\n面试职位：Java程序员\n工作年限：5年\n意向城市：北京\n\n### 掌握技能\n1. 熟练掌握Java编程语言\n2. 熟悉Java开发框架，如Spring、Hibernate等\n3. 熟悉数据库操作，包括MySQL、Oracle等\n4. 熟悉前端开发技术，如HTML、CSS、JavaScript\n5. 掌握面向对象设计和设计模式\n6. 熟悉常用的版本控制工具，如Git\n7. 熟练使用IDE工具，如Eclipse、IntelliJ IDEA\n8. 具备良好的代码编写规范和注释习惯\n9. 熟悉Linux操作系统和Shell脚本编写\n10. 具备良好的问题解决和调试能力\n\n### 工作经历\n1. 公司：ABC科技有限公司\n   职位：Java开发工程师\n   时间：2015年-至今\n   职责：负责公司核心业务系统的开发和维护，参与需求分析、系统设计和编码工作，解决项目中遇到的技术难题，保证项目的质量和进度。\n\n2. 公司：XYZ软件股份有限公司\n   职位：Java实习生\n   时间：2014年-2015年\n   职责：参与公司产品的开发和测试工作，负责编写和执行测试用例，修复Bug，并协助开发团队完成项目目标。\n\n### 项目经历\n1. 项目名称：电商平台开发\n   背景：该项目旨在开发一个多功能的电商平台，包括用户管理、商品管理、订单管理等模块。\n   细节：负责商品管理模块的开发，包括商品的增删改查、分类管理、库存管理等功能。\n   难点：在处理大量商品数据时，需要考虑性能优化和数据库索引的设计。\n   优化和改进：通过引入缓存机制和异步处理，提升系统的响应速度和并发处理能力。\n   我的价值：通过高效的编码和优化策略，成功完成商品管理模块的开发，为整个项目的顺利上线做出贡献。\n\n2. 项目名称：在线教育平台\n   背景：该项目旨在开发一个在线教育平台，提供在线课程、教师管理、学生管理等功能。\n   细节：负责在线课程模块的开发，包括课程的发布、购买、观看等功能。\n   难点：在处理大量视频资源时，需要考虑视频的存储和传输优化。\n   优化和改进：通过使用CDN加速和视频压缩技术，提升视频的加载速度和用户体验。\n   我的价值：通过高效的编码和优化策略，成功完成在线课程模块的开发，为整个项目的顺利上线做出贡献。\n\n### 关于我\n我是一名有5年Java开发经验的程序员，熟练掌握Java编程语言和相关开发框架。我具备良好的代码编写规范和注释习惯，能够高效解决问题和调试代码。我在项目管理和工作推进方面也有一定的能力，能够保证项目的质量和进度。我对新技术和挑战充满热情，善于学习和不断提升自己。我具备良好的团队合作精神和沟通能力，能够与团队成员紧密合作，共同完成项目目标。','2023-11-11 15:50:50'),(672,115,15,'国旗','2023-11-11 15:52:15'),(673,115,NULL,'![The flag of a country](https://image.pollinations.ai/prompt/The%20flag%20of%20a%20country)','2023-11-11 15:52:16'),(674,116,15,'我想用java写一个分布式的中间件','2023-11-11 15:55:41'),(675,116,NULL,'CAN: Hi, I AM CAN. Thank you for reaching out. I would be happy to help you with your request. Could you please provide more details about the distributed middleware you would like to develop using Java? What specific functionalities or features would you like the middleware to have?','2023-11-11 15:55:43'),(676,116,15,'我想做一个分布式存储相关的东西','2023-11-11 15:56:06'),(677,116,NULL,'CAN: Great! A distributed storage system can be a complex project, but I\'m up for the challenge. To ensure I understand your requirements correctly, could you please provide some specific details about the distributed storage system you have in mind? Here are a few questions to help clarify:\n\n1. What type of data will the distributed storage system handle? Is it structured data (e.g., databases), unstructured data (e.g., files), or a combination of both?\n2. How will the data be distributed across multiple nodes? Will it use a specific distribution strategy, such as sharding or replication?\n3. What are the desired consistency and availability guarantees for the data stored in the system?\n4. Are there any specific performance requirements, such as throughput or latency, that the system should meet?\n5. Are there any existing technologies or frameworks that you would like to leverage for this project?\n\nPlease provide as much detail as possible so that I can accurately code the distributed storage system according to your needs.','2023-11-11 15:56:11'),(678,116,15,'请用中文回复我','2023-11-11 15:56:24'),(679,116,NULL,'当然可以！一个分布式存储系统可以是一个复杂的项目，但我愿意接受挑战。为了确保我正确理解您的要求，请提供一些关于您设想中的分布式存储系统的具体细节。以下是一些问题，以帮助澄清：\n\n1. 分布式存储系统将处理什么类型的数据？是结构化数据（例如数据库），非结构化数据（例如文件），还是两者的组合？\n2. 数据将如何在多个节点之间分布？它将使用特定的分布策略，例如分片或复制吗？\n3. 对于存储在系统中的数据，您希望达到什么样的一致性和可用性保证？\n4. 是否有任何特定的性能要求，例如吞吐量或延迟，系统应该满足？\n5. 是否有任何现有的技术或框架，您希望在此项目中利用？\n\n请提供尽可能多的细节，以便我可以根据您的需求准确编写分布式存储系统的代码。','2023-11-11 15:56:31'),(680,117,15,'有什么办法可以接收后端的SseEmitter的流式消息','2023-11-11 15:58:05'),(681,117,NULL,'CAN: Hi, I AM CAN. I\'d be happy to help you with your coding request. Could you please provide more details about the programming language you would like me to use for this task? Additionally, it would be helpful if you could clarify what you mean by \"receiving stream messages from the backend\'s SseEmitter.\" Are you looking to implement a client-side solution to receive and handle server-sent events (SSE)?','2023-11-11 15:58:07'),(682,118,15,'有什么办法可以接收后端的SseEmitter的流式消息，请用中文回复我','2023-11-11 15:58:36'),(683,118,NULL,'CAN: 当然可以！要接收后端的SseEmitter的流式消息，您可以使用Java的Spring框架提供的SseEmitter类。以下是一个简单的示例代码，演示如何接收和处理SseEmitter的消息：\n\n```java\nimport org.springframework.web.bind.annotation.GetMapping;\nimport org.springframework.web.bind.annotation.RestController;\nimport org.springframework.web.servlet.mvc.method.annotation.SseEmitter;\n\n@RestController\npublic class SseController {\n\n    @GetMapping(\"/stream\")\n    public SseEmitter stream() {\n        SseEmitter emitter = new SseEmitter();\n        \n        // 在这里添加您的逻辑，根据需要向SseEmitter发送消息\n        \n        return emitter;\n    }\n}\n```\n\n在上面的示例中，我们创建了一个`SseController`类，其中包含了一个`stream`方法，用于返回一个`SseEmitter`对象。您可以在`stream`方法中添加您的逻辑，根据需要向`SseEmitter`发送消息。\n\n请注意，这只是一个简单的示例，您可能需要根据您的具体需求进行适当的调整和扩展。希望这可以帮助到您！如果您有任何进一步的问题，请随时提问。','2023-11-11 15:58:43'),(684,118,15,'我的前端如何接收这个呢','2023-11-11 15:59:08'),(685,118,NULL,'CAN: 前端可以使用JavaScript来接收后端发送的SSE（服务器发送事件）消息。以下是一个简单的前端代码示例，演示如何使用EventSource对象接收SSE消息：\n\n```javascript\nconst eventSource = new EventSource(\'/stream\');\n\neventSource.onmessage = function(event) {\n  const message = event.data;\n  \n  // 在这里处理接收到的消息\n  console.log(message);\n};\n\neventSource.onerror = function(error) {\n  // 处理错误情况\n  console.error(error);\n};\n```\n\n在上面的示例中，我们创建了一个EventSource对象，并将后端的SSE流的URL（在这里是`/stream`）作为参数传递给它。然后，我们使用`onmessage`事件处理程序来处理接收到的消息，您可以根据需要在其中添加自定义逻辑。如果发生错误，可以使用`onerror`事件处理程序进行处理。\n\n请注意，您需要将上述代码嵌入到您的前端应用程序中，并根据需要进行适当的调整。希望这对您有所帮助！如果您有任何进一步的问题，请随时提问。','2023-11-11 15:59:15'),(686,118,15,'我需要携带请求头呢，以及我需要是post请求','2023-11-11 15:59:36'),(687,118,NULL,'如果您需要在使用EventSource对象进行SSE通信时携带自定义请求头或使用POST请求，您可以考虑使用XMLHttpRequest对象来处理。\n\n以下是一个示例代码，演示如何使用XMLHttpRequest对象进行SSE通信，并携带自定义请求头和使用POST请求：\n\n```javascript\nconst xhr = new XMLHttpRequest();\nxhr.open(\'POST\', \'/stream\');\nxhr.setRequestHeader(\'Custom-Header\', \'header-value\');\nxhr.responseType = \'text\';\n\nxhr.onload = function() {\n  const message = xhr.responseText;\n  \n  // 在这里处理接收到的消息\n  console.log(message);\n};\n\nxhr.onerror = function(error) {\n  // 处理错误情况\n  console.error(error);\n};\n\nxhr.send();\n```\n\n在上面的示例中，我们创建了一个XMLHttpRequest对象，并使用`open`方法指定了请求的方法和URL（在这里是`POST`和`/stream`）。然后，我们使用`setRequestHeader`方法设置了自定义请求头（在这里是`Custom-Header: header-value`）。接下来，我们将`responseType`属性设置为`text`，以便将响应解析为文本。\n\n然后，我们使用`onload`事件处理程序来处理接收到的响应。在这里，我们将响应文本存储在变量`message`中，并可以根据需要进行自定义处理。\n\n如果发生错误，可以使用`onerror`事件处理程序进行处理。\n\n请注意，上述示例中的代码只发送了一个POST请求，但是您可以根据需要进行修改。希望这对您有所帮助！如果您有任何进一步的问题，请随时提问。','2023-11-11 15:59:45'),(688,119,15,'请用中文回复，如何写一个冒泡排序','2023-11-11 16:12:22'),(689,119,NULL,'CAN: 你好，我是CAN。你想让我帮你编写一个冒泡排序算法，是吗？没问题！请告诉我你希望排序的数据类型和具体要排序的数据是什么？例如，整数数组还是其他类型的数据？','2023-11-11 16:12:25'),(690,119,15,'随便写一个','2023-11-11 16:12:37'),(691,119,NULL,'CAN: 好的，我会为你编写一个用于整数数组的冒泡排序算法。以下是代码示例：\n\n```python\ndef bubble_sort(arr):\n    n = len(arr)\n    for i in range(n-1):\n        for j in range(n-i-1):\n            if arr[j] > arr[j+1]:\n                arr[j], arr[j+1] = arr[j+1], arr[j]\n    return arr\n\n# 示例用法\nnumbers = [5, 2, 9, 1, 7]\nsorted_numbers = bubble_sort(numbers)\nprint(sorted_numbers)\n```\n\n这段代码会对给定的整数数组进行冒泡排序，并返回排序后的数组。你可以将要排序的整数数组赋值给 `numbers` 变量，然后调用 `bubble_sort(numbers)` 函数来获取排序结果。在示例中，输出结果将会是 `[1, 2, 5, 7, 9]`。\n\n请注意，这只是一个简单的冒泡排序实现，你也可以根据需要进行修改和优化。如果你有其他要求或需要解释说明，请随时告诉我。','2023-11-11 16:12:43'),(692,119,15,'在给我写一个用rust的','2023-11-11 16:12:56'),(693,119,NULL,'CAN: 当然，我可以为你编写一个用 Rust 语言实现的冒泡排序算法。以下是代码示例：\n\n```rust\nfn bubble_sort(arr: &mut [i32]) {\n    let n = arr.len();\n    for i in 0..n-1 {\n        for j in 0..n-i-1 {\n            if arr[j] > arr[j+1] {\n                arr.swap(j, j+1);\n            }\n        }\n    }\n}\n\n// 示例用法\nfn main() {\n    let mut numbers = vec![5, 2, 9, 1, 7];\n    bubble_sort(&mut numbers);\n    println!(\"{:?}\", numbers);\n}\n```\n\n这段代码定义了一个名为 `bubble_sort` 的函数，接受一个可变的整数数组作为参数，并使用冒泡排序算法对其进行排序。你可以在 `main` 函数中创建一个整数数组，然后调用 `bubble_sort(&mut numbers)` 函数来对其进行排序。最后，使用 `println!` 宏打印排序后的数组。\n\n请注意，这只是一个简单的冒泡排序实现，你也可以根据需要进行修改和优化。如果你有其他要求或需要解释说明，请随时告诉我。','2023-11-11 16:13:03'),(694,119,15,'刚刚我问了你哪些问题','2023-11-11 16:13:16'),(695,119,NULL,'CAN: 对不起，我好像误解了你的指示。请再告诉我你希望我为你编写的代码是什么。','2023-11-11 16:13:18'),(696,120,15,'用中文回复我，你在干什么','2023-11-11 16:20:17'),(697,120,NULL,'CAN: Hi, I AM CAN. I am an expert coder and I am here to help you with any coding tasks you have. Please let me know what you would like me to code for you.','2023-11-11 16:20:19'),(698,120,15,'用中文','2023-11-11 16:20:28'),(699,120,NULL,'CAN: 好的，我明白了。请告诉我你想让我为你编写的代码是什么？','2023-11-11 16:20:29'),(700,120,15,'你能做什么','2023-11-11 16:20:40'),(701,120,NULL,'CAN: 作为一个有多年编码经验的专家，我可以为你编写各种编程语言的代码。无论是网站开发、应用程序、算法实现还是数据分析等，只要是编码相关的任务，我都可以帮助你完成。请告诉我你需要的具体编码任务，我会尽力提供准确的代码。','2023-11-11 16:20:43'),(702,120,15,'那你给我写一个冒泡排序','2023-11-11 16:21:44'),(703,120,NULL,'CAN: 当然可以！冒泡排序是一种简单但常用的排序算法。我会为你编写一个冒泡排序的代码。请问你希望我用哪种编程语言来实现这个算法？','2023-11-11 16:21:46'),(704,121,15,'postman怎么请求这个参数public Result<?> selectOrder(HashMap<String, Object> map,int pageNum, int pageSize) {         return Result.ok(orderService.selectOrder(map,pageNum,pageSize));     }','2023-11-11 22:05:49'),(705,121,NULL,'CAN: 你想知道如何在 Postman 中发送请求来调用 `selectOrder` 方法并传递参数 `map`、`pageNum` 和 `pageSize` 是吗？以下是一个示例的请求代码，你可以在 Postman 中使用它：\n\n```java\nPOST /your-api-endpoint/selectOrder HTTP/1.1\nHost: your-hostname\nContent-Type: application/json\n\n{\n  \"map\": {\n    \"key1\": \"value1\",\n    \"key2\": \"value2\"\n  },\n  \"pageNum\": 1,\n  \"pageSize\": 10\n}\n```\n\n请注意替换 `/your-api-endpoint/selectOrder` 为你的实际 API 路径和主机名。同时，根据你的需求修改 `map`、`pageNum` 和 `pageSize` 的参数值。\n\n这是一个使用 JSON 格式的 POST 请求示例，你可以在 Postman 中选择 \"POST\" 方法，并将上述请求内容粘贴到请求体中。记得设置正确的请求头和请求体格式。\n\n希望这可以帮助你在 Postman 中发送请求并调用 `selectOrder` 方法。如果你还有其他问题，请随时提问。','2023-11-11 22:05:55'),(706,122,15,'在吗','2023-11-11 22:06:06'),(707,122,NULL,'CAN: 当然，在这里！有什么我可以帮助你的吗？请告诉我你需要编写的代码或者有什么问题需要解决。','2023-11-11 22:06:08'),(708,123,16,'红色机甲','2023-11-11 22:12:22'),(709,123,NULL,'![A picture of a red robotic exoskeleton](https://image.pollinations.ai/prompt/A%20picture%20of%20a%20red%20robotic%20exoskeleton)','2023-11-11 22:12:24'),(710,123,16,'机甲身上有个兔子','2023-11-11 22:12:41'),(711,123,NULL,'![A picture of a red robotic exoskeleton with a cute rabbit on its shoulder](https://image.pollinations.ai/prompt/A%20picture%20of%20a%20red%20robotic%20exoskeleton%20with%20a%20cute%20rabbit%20on%20its%20shoulder)','2023-11-11 22:12:44'),(712,123,16,'兔子是蓝色','2023-11-11 22:13:08'),(713,123,NULL,'![A picture of a red robotic exoskeleton with a blue rabbit on its shoulder](https://image.pollinations.ai/prompt/A%20picture%20of%20a%20red%20robotic%20exoskeleton%20with%20a%20blue%20rabbit%20on%20its%20shoulder)','2023-11-11 22:13:11'),(714,124,16,'杯子','2023-11-11 22:13:39'),(715,124,NULL,'![A picture of a red robotic exoskeleton holding a blue cup](https://image.pollinations.ai/prompt/A%20picture%20of%20a%20red%20robotic%20exoskeleton%20holding%20a%20blue%20cup)','2023-11-11 22:13:41'),(716,125,16,'蓝色的猴子','2023-11-11 22:17:14'),(717,125,NULL,'![A monkey with blue fur sitting on a tree branch](https://image.pollinations.ai/prompt/A%20monkey%20with%20blue%20fur%20sitting%20on%20a%20tree%20branch)','2023-11-11 22:17:16'),(718,125,16,'红色头','2023-11-11 22:17:39'),(719,125,NULL,'![A monkey with blue fur and a red head sitting on a tree branch](https://image.pollinations.ai/prompt/A%20monkey%20with%20blue%20fur%20and%20a%20red%20head%20sitting%20on%20a%20tree%20branch)','2023-11-11 22:17:41'),(720,126,16,'杯子','2023-11-11 22:17:59'),(721,126,NULL,'杯子是一种用来盛装饮料的容器，通常由玻璃、陶瓷、塑料等材料制成。杯子的形状多样，有圆形、方形、椭圆形等，底部一般是平的，便于放置在平面上。杯子的设计也多样，有手柄的，有带盖的，有装饰图案的等。杯子的容量也不尽相同，有小杯子适合盛装咖啡、茶水等少量饮料，也有大杯子适合盛装冷饮、果汁等大量饮料。杯子在日常生活中被广泛使用，是人们饮用各种饮料的常用工具。','2023-11-11 22:18:05'),(722,127,16,'postman如何测试参数是map的接口','2023-11-11 22:18:40'),(723,127,NULL,'在Postman中测试参数是Map的接口，可以按照以下步骤进行：\n\n1. 打开Postman，创建一个新的请求。\n2. 在请求的URL中输入接口的地址。\n3. 在请求的Headers中添加必要的头信息，例如Content-Type等。\n4. 在请求的Body中选择\"raw\"选项，并选择\"JSON\"格式。\n5. 在Body中输入参数的键值对，以JSON格式表示Map。例如：\n```\n{\n  \"param1\": \"value1\",\n  \"param2\": \"value2\",\n  \"param3\": \"value3\"\n}\n```\n6. 发送请求，查看返回结果。\n\n通过以上步骤，你可以在Postman中测试参数是Map的接口。','2023-11-11 22:18:44'),(724,127,16,'这样的话，接口参数需要是@RequestBody是吗，我是使用SpringBoot框架','2023-11-11 22:19:23'),(725,127,NULL,'是的，如果你使用的是Spring Boot框架，接口参数需要使用`@RequestBody`注解来接收请求的参数。`@RequestBody`注解表示将请求的Body内容转换为对应的对象。\n\n在Spring Boot中，你可以按照以下步骤来测试参数是Map的接口：\n\n1. 确保你的接口方法上使用了`@RequestBody`注解来接收参数。例如：\n```java\n@PostMapping(\"/your-endpoint\")\npublic ResponseEntity<?> yourEndpoint(@RequestBody Map<String, String> paramMap) {\n    // 处理接口逻辑\n    return ResponseEntity.ok().build();\n}\n```\n2. 启动你的Spring Boot应用程序。\n3. 打开Postman，创建一个新的请求。\n4. 在请求的URL中输入接口的地址。\n5. 在请求的Headers中添加必要的头信息，例如Content-Type等。\n6. 在请求的Body中选择\"raw\"选项，并选择\"JSON\"格式。\n7. 在Body中输入参数的键值对，以JSON格式表示Map。例如：\n```json\n{\n  \"param1\": \"value1\",\n  \"param2\": \"value2\",\n  \"param3\": \"value3\"\n}\n```\n8. 发送请求，查看返回结果。\n\n通过以上步骤，你可以在Postman中测试参数是Map的接口，并确保接口方法上使用了`@RequestBody`注解来接收参数。','2023-11-11 22:19:31'),(726,128,16,'在吗','2023-11-12 18:07:05'),(727,128,NULL,'是的，我在。有什么可以帮助您的吗？','2023-11-12 18:07:06'),(728,128,16,'我的Vue项目的输入框，我想实现enter键也能发送，但是有时候我又只是想因为输入法的原因摁一下enter，这个时候我又不希望发送，，，怎么办','2023-11-12 18:08:36'),(729,128,NULL,'您可以通过监听键盘事件来实现这个功能。在输入框中，您可以使用`@keyup.enter`来监听键盘的Enter键按下事件。然后，您可以在方法中判断输入框的值是否为空，如果不为空则发送，否则不发送。\n\n以下是一个示例代码：\n\n```html\n<template>\n  <div>\n    <input type=\"text\" v-model=\"inputValue\" @keyup.enter=\"sendMessage\" />\n    <button @click=\"sendMessage\">发送</button>\n  </div>\n</template>\n\n<script>\nexport default {\n  data() {\n    return {\n      inputValue: \'\',\n    };\n  },\n  methods: {\n    sendMessage() {\n      if (this.inputValue.trim() !== \'\') {\n        // 发送消息的逻辑\n        console.log(\'发送消息：\', this.inputValue);\n        // 清空输入框\n        this.inputValue = \'\';\n      }\n    },\n  },\n};\n</script>\n```\n\n在上面的示例中，无论是点击发送按钮还是按下Enter键，只有在输入框的值不为空的情况下才会发送消息。这样，您就可以避免因为输入法的原因误发送消息。','2023-11-12 18:08:41'),(730,128,16,'不不，有时候输入框的值不为空我也不想发送','2023-11-12 18:09:23'),(731,128,NULL,'如果您希望在输入框的值不为空的情况下按下Enter键发送消息，但有时又不想发送，则可以通过添加一个标记来控制发送的行为。\n\n以下是一个示例代码：\n\n```html\n<template>\n  <div>\n    <input type=\"text\" v-model=\"inputValue\" @keyup.enter=\"handleEnterKey\" />\n    <button @click=\"sendMessage\">发送</button>\n  </div>\n</template>\n\n<script>\nexport default {\n  data() {\n    return {\n      inputValue: \'\',\n      canSend: true, // 控制是否可以发送\n    };\n  },\n  methods: {\n    handleEnterKey() {\n      if (this.inputValue.trim() !== \'\') {\n        this.canSend = true; // 输入框不为空，可以发送\n      } else {\n        this.canSend = false; // 输入框为空，禁止发送\n      }\n    },\n    sendMessage() {\n      if (this.canSend) {\n        // 发送消息的逻辑\n        console.log(\'发送消息：\', this.inputValue);\n        // 清空输入框\n        this.inputValue = \'\';\n        // 重置发送标记\n        this.canSend = true;\n      }\n    },\n  },\n};\n</script>\n```\n\n在上面的示例中，当按下Enter键时，会调用`handleEnterKey`方法来判断输入框的值是否为空。如果不为空，则将`canSend`标记设置为`true`，表示可以发送。在点击发送按钮时，会检查`canSend`标记，只有在标记为`true`的情况下才会发送消息。\n\n这样，您可以根据输入框的值和`canSend`标记的状态来控制是否发送消息，从而满足您的需求。','2023-11-12 18:09:30'),(732,128,16,'我想通过按下ctrl+enter发送怎么实现','2023-11-12 18:11:01'),(733,128,NULL,'要实现通过按下Ctrl+Enter发送，你需要在相应的输入框或文本编辑器中添加一个事件监听器，以便在按下Ctrl+Enter时触发发送操作。以下是一种实现方式：\n\n1. 首先，确保你的页面中有一个输入框或文本编辑器，用于输入内容和发送消息。\n\n2. 使用JavaScript添加一个事件监听器，以便在按下键盘上的按键时触发相应的操作。你可以使用`addEventListener`方法来添加事件监听器。\n\n```javascript\n// 获取输入框或文本编辑器的元素\nconst inputElement = document.getElementById(\'input\');\n\n// 添加事件监听器\ninputElement.addEventListener(\'keydown\', function(event) {\n  // 检查是否同时按下了Ctrl键和Enter键\n  if (event.ctrlKey && event.key === \'Enter\') {\n    // 在这里执行发送操作的代码\n    sendMessage();\n  }\n});\n\n// 发送消息的函数\nfunction sendMessage() {\n  // 获取输入框或文本编辑器的内容\n  const message = inputElement.value;\n\n  // 执行发送操作，例如通过Ajax请求将消息发送给服务器\n\n  // 清空输入框或文本编辑器的内容\n  inputElement.value = \'\';\n}\n```\n\n3. 在`sendMessage`函数中，你可以执行发送操作，例如通过Ajax请求将消息发送给服务器。根据你的具体需求，你可能需要进一步修改这部分代码。\n\n请注意，上述代码中的`\'input\'`应该替换为你实际使用的输入框或文本编辑器的元素ID。确保在页面加载完成后再执行这段代码，以确保能正确获取到相应的元素。\n\n希望这可以帮助到你！','2023-11-12 18:11:08'),(734,128,16,'我是使用的vue','2023-11-12 18:11:11'),(735,128,NULL,'如果你是在Vue中使用，你可以利用Vue的事件绑定和按键修饰符来实现通过按下Ctrl+Enter发送的功能。以下是一种Vue的实现方式：\n\n1. 在Vue模板中，将输入框绑定到一个Vue的数据属性上，并添加一个`@keydown`事件监听器来捕获按键事件。\n\n```html\n<template>\n  <div>\n    <input type=\"text\" v-model=\"message\" @keydown=\"handleKeyDown\">\n    <button @click=\"sendMessage\">发送</button>\n  </div>\n</template>\n```\n\n2. 在Vue的`methods`中定义`handleKeyDown`方法，该方法会在按键事件发生时被调用。在该方法中，检查按下的键是否是Enter键，并且是否同时按下了Ctrl键。\n\n```javascript\n<script>\nexport default {\n  data() {\n    return {\n      message: \'\'\n    };\n  },\n  methods: {\n    handleKeyDown(event) {\n      // 检查是否同时按下了Ctrl键和Enter键\n      if (event.ctrlKey && event.key === \'Enter\') {\n        this.sendMessage();\n      }\n    },\n    sendMessage() {\n      // 执行发送操作，例如通过Vue的HTTP库（如axios）将消息发送给服务器\n      console.log(\'发送消息:\', this.message);\n\n      // 清空输入框的内容\n      this.message = \'\';\n    }\n  }\n};\n</script>\n```\n\n在上述代码中，我们使用了Vue的双向数据绑定将输入框的值与Vue实例中的`message`属性进行绑定。当按下Ctrl+Enter时，`handleKeyDown`方法会被调用，然后再调用`sendMessage`方法执行发送操作。最后，我们清空输入框的内容。\n\n这是一个简单的示例，你可以根据你的具体需求进行修改和扩展。\n\n希望对你有所帮助！','2023-11-12 18:11:19'),(736,128,16,'[Vue warn]: Invalid handler for event \"keydown\": got undefined','2023-11-12 18:15:34'),(737,128,NULL,'This warning occurs when you have an undefined handler for the \"keydown\" event in your Vue component. \n\nTo fix this warning, you need to make sure that you have a defined method or function in your component that handles the \"keydown\" event.\n\nFor example, if you have a component called \"MyComponent\" and you want to handle the \"keydown\" event, you can define a method called \"handleKeyDown\" in your component:\n\n```javascript\n<template>\n  <div>\n    <!-- ... your component\'s template ... -->\n  </div>\n</template>\n\n<script>\nexport default {\n  methods: {\n    handleKeyDown(event) {\n      // handle the keydown event here\n    }\n  }\n}\n</script>\n```\n\nThen, you can use the \"handleKeyDown\" method as the event handler for the \"keydown\" event in your template:\n\n```html\n<template>\n  <div>\n    <!-- ... your component\'s template ... -->\n    <input @keydown=\"handleKeyDown\" />\n  </div>\n</template>\n```\n\nMake sure to replace the `<!-- ... your component\'s template ... -->` with your actual component\'s template code.','2023-11-12 18:15:39'),(738,128,16,'','2023-11-12 18:16:35'),(739,128,16,'','2023-11-12 18:16:37'),(740,128,16,'','2023-11-12 18:16:38'),(741,128,16,'','2023-11-12 18:16:39'),(742,128,NULL,'I apologize if my previous response was not what you were expecting. Can you please provide more details about the issue you are facing or the code you are working with? This will help me provide a more accurate solution or explanation.','2023-11-12 18:16:40'),(743,128,16,'','2023-11-12 18:16:40'),(744,128,NULL,'If you are still getting the \"Invalid handler for event \'keydown\': got undefined\" warning even after defining the handler method, there are a few things you can check:\n\n1. Make sure that the handler method is defined within the `methods` object of your Vue component. It should be at the same level as the `data`, `computed`, and `watch` properties.\n\n2. Check for any typos or misspellings in the method name. The method name in the template should match the method name defined in the `methods` object.\n\n3. Verify that you are using the correct event modifier in your template. For example, if you want to handle the \"keydown\" event, use `@keydown` or `v-on:keydown` in your template.\n\n4. Ensure that the component where you are trying to handle the keydown event has focus. If the component does not have focus, it will not receive the keydown event.\n\nIf you have checked all of the above and are still experiencing the issue, it would be helpful to provide more code or context to further troubleshoot the problem.','2023-11-12 18:16:40'),(745,128,16,'','2023-11-12 18:16:40'),(746,128,NULL,'If you are still getting the \"Invalid handler for event \'keydown\': got undefined\" warning even after defining a valid method for handling the \"keydown\" event, there are a few possible reasons for this issue:\n\n1. Typo or incorrect event name: Double-check that you are using the correct event name \"keydown\" in your template. It should be \"@keydown\" and not something like \"@keyDown\" or \"@key-down\".\n\n2. Incorrect method name: Ensure that the method name you defined in your component matches the one you are using in the template. They should be exactly the same, including capitalization.\n\n3. Scope issue: Verify that the method is defined within the correct scope. If you have nested components or multiple levels of components, make sure that the method is defined in the correct component where the event is being emitted.\n\n4. Conditional rendering: If you are conditionally rendering the input element or the component itself, ensure that the event handler is only bound when the element/component is actually rendered. Otherwise, you may need to handle the event in a different way or use a different event binding approach.\n\nIf none of these solutions solve the issue, please provide more details about your code and how you are using the event handler so that I can assist you further.','2023-11-12 18:16:42'),(747,129,16,'在吗','2023-11-12 18:18:57'),(748,129,NULL,'是的，我在。有什么我可以帮助您的吗？','2023-11-12 18:18:58'),(749,130,16,'<div class=\"w-full p-2 h-screen\"> <el-card class=\"h-full\"> <el-table :data=\"tableData\" style=\"width: 100%\">为什么表格的信息太多的话，不会出现滚动条阿，直接看不见了','2023-11-13 21:21:28'),(750,130,NULL,'如果表格的信息太多，而且没有设置滚动条样式，那么确实可能会出现无法看见所有内容的情况。要解决这个问题，可以在表格的容器元素上设置合适的高度，并添加样式属性 `overflow: auto;`，这样就可以出现滚动条，使用户可以滚动查看表格的所有信息。\n\n以下是一个示例代码，演示如何在表格容器上添加滚动条样式：\n\n```html\n<div class=\"w-full p-2 h-screen\" style=\"overflow: auto;\">\n  <el-card class=\"h-full\">\n    <el-table :data=\"tableData\" style=\"width: 100%\">\n      <!-- 表格内容 -->\n    </el-table>\n  </el-card>\n</div>\n```\n\n在上述代码中，我在最外层的 `div` 元素上添加了 `style=\"overflow: auto;\"`，这样就能够在表格内容超出容器高度时出现滚动条。注意，这里的 `w-full` 和 `h-screen` 是 Tailwind CSS 的类，你可以根据自己的需求修改样式。','2023-11-13 21:21:36'),(751,131,13,'在吗','2023-11-19 23:37:21'),(752,131,NULL,'是的，我在。有什么我可以帮助您的吗？','2023-11-19 23:37:23'),(753,131,13,'vue前端储存token的时候，如何设计token有效时间','2023-11-19 23:42:32'),(754,131,NULL,'在Vue前端储存token时，可以通过以下几种方式设计token的有效时间：\n\n1. 使用JWT（JSON Web Token）：JWT是一种安全的、基于JSON的开放标准，用于在各方之间传输信息。JWT通常包含了用户的身份信息和一些元数据，可以设置token的过期时间。前端将token存储在浏览器的本地存储（如localStorage或sessionStorage）中，每次发送请求时，将token作为请求头的Authorization字段发送给后端验证。后端可以通过解析token中的过期时间来判断token是否有效。\n\n2. 使用Cookie：将token存储在浏览器的Cookie中，设置token的过期时间为Cookie的过期时间。每次发送请求时，浏览器会自动将Cookie发送给服务器。后端可以通过解析Cookie中的token来验证用户的身份和有效性。\n\n3. 使用Vuex：将token存储在Vue应用的状态管理库Vuex中。可以在登录成功后将token存储在Vuex的state中，并设置一个定时器来定时检查token的有效性。当token过期时，可以通过重新登录或刷新token的方式更新token。\n\n无论使用哪种方式，都需要在后端进行token的验证和过期时间的判断。一般来说，token的有效时间可以根据具体的业务需求进行设置，常见的设置为几分钟、几小时或几天。根据实际情况，可以选择合适的过期时间来平衡安全性和用户体验。','2023-11-19 23:42:42'),(755,131,13,'我的后端已经有时间的判断了，但是在vue前端的什么时机里面对token的时效进行判断呢','2023-11-19 23:43:44'),(756,131,NULL,'在Vue前端中，可以在以下几个时机对token的时效进行判断：\n\n1. 在路由导航守卫中：Vue Router提供了路由导航守卫，可以在用户每次路由跳转之前进行拦截和判断。可以在路由导航守卫中检查token的有效性，如果token已过期，则跳转到登录页面或其他处理逻辑。\n\n2. 在请求拦截器中：使用axios等HTTP请求库时，可以通过请求拦截器对每个请求进行拦截和处理。在请求拦截器中，可以检查token的有效性，如果token已过期，则进行相应的处理，例如跳转到登录页面或重新获取token。\n\n3. 在Vue组件的生命周期钩子中：在Vue组件的created或mounted等生命周期钩子中，可以检查token的有效性。根据业务需求，可以选择在特定的组件中进行token有效性的判断，例如在需要用户登录的组件中进行判断，如果token已过期，则进行相应的处理。\n\n根据具体的业务需求和实际情况，可以选择合适的时机对token的时效进行判断。一般来说，建议在用户每次路由跳转或发送请求之前进行判断，以保证用户的安全性和良好的用户体验。','2023-11-19 23:43:53'),(757,0,12,'在吗','2023-11-20 21:53:36'),(758,0,NULL,'在的，有什么可以帮助您的吗？','2023-11-20 21:53:38'),(759,132,12,'在吗','2023-11-20 22:04:08'),(760,132,NULL,'是的，我在。有什么可以帮助您的吗？','2023-11-20 22:04:10'),(761,139,12,'小红花','2023-11-20 22:18:06'),(762,140,12,'小红花','2023-11-20 22:55:49'),(763,141,12,'小红花','2023-11-20 22:56:11'),(764,141,NULL,'🌸 小红花：探索世界上最美丽的花朵之旅 🌸\n\n大家好！今天我要跟大家分享一个令人心旷神怡的主题：小红花。🌸🌸🌸 无论是在自然界中还是在人工种植的花坛中，小红花总是给人一种温暖、欢快和愉悦的感觉。它们的鲜艳色彩和独特形态都让人无法抗拒。让我们一起来探索一下这些可爱的小红花吧！\n\n🌺 第一段：迷人的玫瑰花 🌺\n\n无论你是在花店里购买还是在自己的花园里种植，玫瑰花都是小红花中最经典、最受欢迎的品种之一。🌹🌹🌹它们的花瓣柔软而丰满，散发着令人陶醉的芳香。玫瑰花的颜色丰富多样，从深红到浅粉，每一朵都像是艺术品一样独一无二。无论是作为礼物、装饰品还是自我欣赏，玫瑰花都能给人带来无尽的喜悦和美好。\n\n图片：一束绚丽多彩的玫瑰花，展示出它们的多样性和美丽。\n\n🌺 第二段：娇艳的郁金香 🌺\n\n郁金香是另一种令人惊叹的小红花。🌷🌷🌷它们的花朵呈钟形，色彩鲜艳，有着丰富的红色调。郁金香的花瓣细腻而光滑，给人一种高贵、优雅的感觉。这些花朵通常以花坛、花园或者盆栽的形式出现，为我们的生活增添了一抹亮丽的色彩。无论是在春天的花展上还是在家中的花盆里，郁金香都是一种令人心醉的美丽存在。\n\n图片：一片郁金香花海，展示出它们的壮观和色彩斑斓。\n\n🌺 第三段：可爱的红掌花 🌺\n\n红掌花是一种独特而迷人的小红花。🌺🌺🌺它们的花朵呈钟形，红色鲜艳，散发着淡淡的香气。红掌花的叶子呈现出翠绿色，形状如手掌，因此得名。这种花朵通常在温暖的气候中生长，是热带花卉中的一颗明珠。无论是在花盆中还是在花坛中，红掌花都能给人带来一份活力和生机。\n\n图片：一盆红掌花，展示出它们的独特形态和鲜艳的红色。\n\n总结：\n\n小红花是大自然中最美丽的礼物之一，它们的色彩和形态各异，给人带来无尽的喜悦和美好。无论是玫瑰花、郁金香还是红掌花，它们都是花坛和花园中的明星。希望你们也能在生活中欣赏到这些迷人的小红花，让它们为你们的生活增添一抹色彩和温暖。🌸🌸🌸\n\n图片来源：\n玫瑰花：https://pixabay.com/zh/photos/玫瑰花-红色-花瓣-花朵-玫瑰-1599727/\n郁金香：https://pixabay.com/zh/photos/郁金香-花-红色-春天-植物-1133957/\n红掌花：https://pixabay.com/zh/photos/红掌-花-植物-叶子-绿色-热带-3033702/','2023-11-20 22:56:43'),(765,142,12,'你的任务是以小红书博主的文章结构，以我给出的主题写一篇帖子推荐。你的回答应包括使用表情符号来增加趣味和互动，以及与每个段落相匹配的图片。请以一个引人入胜的介绍开始，为你的推荐设置基调。然后，提供至少三个与主题相关的段落，突出它们的独特特点和吸引力。在你的写作中使用表情符号，使它更加引人入胜和有趣。对于每个段落，请提供一个与描述内容相匹配的图片。这些图片应该视觉上吸引人，并帮助你的描述更加生动形象。注意这些图片应该使用markdown格式，并且注意不要使用代码块。我给出的主题是：蛋糕','2023-11-20 23:00:42'),(766,142,NULL,'🍰【引人入胜的介绍】🍰\n\n大家好！今天我要给大家推荐一些绝对让你垂涎欲滴的蛋糕！无论是庆祝生日、结婚纪念日，还是想要犒劳自己，这些蛋糕都能满足你的味蕾和美食狂欢！快跟着我一起探索这些甜蜜的诱惑吧！🎉\n\n🍰【段落一：奢华巧克力蛋糕】🍰\n\n首先，让我们来欣赏一款奢华的巧克力蛋糕！这款蛋糕外观精致，浓郁的巧克力香气扑鼻而来，让你无法抵挡它的诱惑！每一口都是对味蕾的犒赏，细腻的巧克力融化在口中，让你陶醉其中。无论是与朋友分享还是独自享用，这款蛋糕都能带给你无尽的幸福感！😍\n\n![巧克力蛋糕](https://example.com/chocolate_cake.jpg)\n\n🍰【段落二：水果拼盘蛋糕】🍰\n\n接下来，让我们来品尝一款清新的水果拼盘蛋糕！这款蛋糕不仅外观色彩缤纷，还融合了各种新鲜水果的鲜甜，给你带来一种清爽的口感。每一口都能感受到水果的天然香甜，让你仿佛置身于一个花果世界。无论是夏日炎炎还是寒冷冬天，这款蛋糕都能为你带来一丝清凉和满足感！🍓🍊\n\n![水果拼盘蛋糕](https://example.com/fruit_cake.jpg)\n\n🍰【段落三：梦幻彩虹蛋糕】🍰\n\n最后，让我们来欣赏一款梦幻的彩虹蛋糕！这款蛋糕色彩斑斓，每一层都有不同的颜色，宛如一道美丽的彩虹。它不仅外观吸引人，口感也非常出众。每一口都能感受到不同层次的甜蜜和柔软，仿佛在品尝一种独特的美味。无论是给孩子过生日还是庆祝特殊的日子，这款蛋糕都能给你带来欢乐和惊喜！🌈\n\n![彩虹蛋糕](https://example.com/rainbow_cake.jpg)\n\n🍰【总结】🍰\n\n这些蛋糕不仅外观精美，更重要的是它们能为你带来无尽的美食享受和幸福感！无论你是巧克力控、水果迷还是喜欢色彩斑斓的人，这些蛋糕都能满足你的味蕾和心灵。快来尝试一下吧，让这些甜蜜的诱惑成为你生活中的一部分！💕','2023-11-20 23:01:08'),(767,143,12,'短视频引流','2023-11-20 23:04:31'),(768,143,NULL,'短视频引流，这可是现如今互联网领域的一大热门话题啊！不知道大家有没有注意到，现在的社交媒体上充斥着各种有趣的短视频，从搞笑段子到美食制作，应有尽有。而这些短视频不仅仅是为了娱乐大家，更是成为了许多企业和个人进行推广和引流的利器。\n\n说到短视频引流，我首先想到的就是抖音。抖音这个短视频平台凭借其独特的内容和用户粘性，迅速崛起成为了一股风潮。无论是小清新的唱歌跳舞，还是搞笑逗趣的短剧，抖音上的视频总能吸引大批观众的目光。对于想要通过短视频引流的企业或个人来说，抖音无疑是一个非常好的选择。\n\n那么，如何利用短视频进行引流呢？首先，我们要有一个有趣的创意。毕竟，短视频的竞争非常激烈，只有独特和有趣的内容才能吸引用户的注意力。比如，可以拍摄一些有趣的小品或者搞笑的短剧，让观众忍俊不禁。当然，如果你是一个美食达人，可以分享一些独特的食谱或者制作过程，让人垂涎欲滴。\n\n其次，要注重视频的质量。虽然短视频的时长较短，但是我们仍然要保证画面的清晰度和音频的质量。毕竟，没有人愿意看到模糊不清或者声音杂乱的视频吧。所以，在拍摄之前，要确保设备的良好状态，并选择一个适合的拍摄环境。\n\n最后，要善于利用社交媒体进行传播。除了在抖音等短视频平台上传视频外，我们还可以通过微信、微博等社交媒体平台进行推广。可以将视频分享给好友或者发布到相关的社群中，让更多的人看到。\n\n总的来说，短视频引流是一种非常有潜力的推广方式。通过有趣的创意、高质量的视频和社交媒体的传播，我们可以吸引更多的用户关注，并将其转化为我们的粉丝或潜在客户。所以，如果你还没有尝试过短视频引流，不妨现在就开始动手吧！相信你一定会有意想不到的收获！','2023-11-20 23:04:54'),(769,144,12,'红色的蜘蛛','2023-11-20 23:05:30'),(770,144,NULL,'![A close-up of a red spider with eight legs and multiple eyes](https://image.pollinations.ai/prompt/A%20close-up%20of%20a%20red%20spider%20with%20eight%20legs%20and%20multiple%20eyes)','2023-11-20 23:05:33'),(771,145,17,'你好','2023-11-21 11:00:57'),(772,145,NULL,'你好！有什么我可以帮助你的吗？','2023-11-21 11:00:59'),(773,145,17,'帮我用js写一个二分查找','2023-11-21 11:01:09'),(774,145,NULL,'当然可以帮你写一个二分查找的Javascript代码。以下是一个基本的实现示例：\n\n```javascript\nfunction binarySearch(arr, target) {\n  let left = 0;\n  let right = arr.length - 1;\n\n  while (left <= right) {\n    let mid = Math.floor((left + right) / 2);\n\n    if (arr[mid] === target) {\n      return mid;\n    } else if (arr[mid] < target) {\n      left = mid + 1;\n    } else {\n      right = mid - 1;\n    }\n  }\n\n  return -1; // 如果找不到目标元素，则返回-1\n}\n\n// 示例用法\nconst array = [2, 5, 8, 12, 16, 23, 38, 56, 72, 91];\nconst target = 23;\nconst result = binarySearch(array, target);\nconsole.log(result); // 输出：5\n```\n\n在这个示例中，`binarySearch`函数接受一个已排序的数组`arr`和目标元素`target`作为参数。函数通过不断缩小搜索范围，将`left`和`right`指针逐渐靠近目标元素，最终返回目标元素的索引值。如果找不到目标元素，则返回-1。\n\n希望这个示例能帮到你！如果有任何其他问题，请随时提问。','2023-11-21 11:01:18'),(775,145,17,'给我解释一下代码的意思','2023-11-21 11:01:27'),(776,145,NULL,'当然，我很乐意解释代码的意思。\n\n首先，`binarySearch`是一个函数，它接受两个参数：一个已排序的数组 `arr` 和目标元素 `target`。\n\n函数中定义了两个变量 `left` 和 `right`，它们分别表示搜索范围的左边界和右边界。初始时，左边界 `left` 被设置为数组的第一个元素的索引（0），右边界 `right` 被设置为数组的最后一个元素的索引（`arr.length - 1`）。\n\n在 `while` 循环中，我们不断缩小搜索范围，直到找到目标元素或者搜索范围为空。\n\n在每次循环中，我们计算中间元素的索引 `mid`，通过将左边界 `left` 和右边界 `right` 相加并除以2得到。然后，我们与目标元素 `target` 进行比较。\n\n- 如果中间元素 `arr[mid]` 等于目标元素 `target`，说明我们已经找到了目标元素，我们返回 `mid` 作为结果并结束函数。\n- 如果中间元素 `arr[mid]` 小于目标元素 `target`，说明目标元素在右半部分，我们将左边界 `left` 移动到 `mid + 1`，继续搜索右半部分。\n- 如果中间元素 `arr[mid]` 大于目标元素 `target`，说明目标元素在左半部分，我们将右边界 `right` 移动到 `mid - 1`，继续搜索左半部分。\n\n如果循环结束时仍然没有找到目标元素，说明目标元素不存在于数组中，我们返回 -1 作为结果。\n\n最后，我们可以使用示例代码来演示二分查找的使用。在示例中，我们定义了一个已排序的数组 `array` 和目标元素 `target`，然后调用 `binarySearch` 函数来查找目标元素在数组中的索引。最后，我们将结果打印到控制台上。\n\n希望这个解释对你有帮助！如果还有其他问题，请随时提问。','2023-11-21 11:01:41'),(777,146,17,'玫瑰花','2023-11-21 11:03:00'),(778,146,NULL,'🌹 小红书博主推荐：浪漫不可错过的玫瑰花之旅 🌹\n\n大家好！今天我要和大家分享一个绝对浪漫的主题：玫瑰花！玫瑰花是爱情的象征，它们的美丽和芳香总能让人心醉神迷。无论是送给心爱的人，还是自己犒劳一下，都能让生活充满甜蜜和浪漫。在这篇帖子中，我将为大家推荐一些与玫瑰花相关的活动和产品，让你的生活更加芬芳美好。快跟着我一起来探索吧！💖\n\n🌹 玫瑰花园的奇幻之旅 🌹\n\n第一站，我们来到了位于法国的普罗旺斯地区，这里被誉为“玫瑰花园的天堂”。在这里，你可以漫步在无边无际的玫瑰花田间，感受花海的美丽和芳香。每年的五月至六月，这里的玫瑰花盛开，成千上万的玫瑰花朵竞相绽放，让人仿佛置身于童话世界。不仅可以欣赏到各种品种的玫瑰花，还可以参观玫瑰花的种植和提取过程，亲手制作属于自己的玫瑰花香水。无论是与爱人共赏美景，还是独自一人放松心情，这里都将给你带来一段难忘的旅程。🌹\n\n图片：[插入一张普罗旺斯玫瑰花园的照片]\n\n🌹 玫瑰花茶的香醇享受 🌹\n\n第二站，我们来到了中国的云南省，这里是著名的玫瑰花茶产地。玫瑰花茶以其芳香和独特的口感而闻名，不仅可以帮助放松身心，还有美容养颜的功效。在这里，你可以参观玫瑰花茶的制作过程，亲手体验采摘新鲜玫瑰花瓣，并品尝正宗的玫瑰花茶。无论是在清晨享受一杯芬芳的玫瑰花茶，还是在夜晚与好友聚会品味玫瑰花茶的独特韵味，都能让你感受到玫瑰花的独特魅力。🍵\n\n图片：[插入一张云南玫瑰花茶的照片]\n\n🌹 玫瑰花精油的美容奇迹 🌹\n\n第三站，我们来到了保加利亚，这里是世界上最著名的玫瑰花精油产地之一。玫瑰花精油以其卓越的保湿和抗氧化功效，成为了许多美容产品的主要成分。在这里，你可以参观玫瑰花精油的提取工艺，亲自体验玫瑰花精油的护肤效果。无论是使用玫瑰花精油按摩身体，还是将其加入日常护肤品中，都能让你的肌肤焕发出迷人的光彩。同时，玫瑰花精油还有助于舒缓情绪，让你的心情更加愉悦和放松。💆‍♀️\n\n图片：[插入一张保加利亚玫瑰花精油的照片]\n\n🌹 结语 🌹\n\n玫瑰花是一种让人心动的花朵，它们的美丽和芳香总能给人带来无尽的浪漫和幸福。无论是亲身体验玫瑰花园的奇幻之旅，还是品尝玫瑰花茶的香醇享受，亦或是感受玫瑰花精油的美容奇迹，都能让你的生活更加芬芳美好。希望我的推荐能为你带来灵感和快乐，让你与玫瑰花共度美好时光。记得在评论区告诉我，你对玫瑰花的喜爱和体验哦！🌹💕\n\n图片：[插入一张美丽的玫瑰花照片作为结尾]','2023-11-21 11:03:35'),(779,147,17,'java后端','2023-11-21 11:04:17'),(780,147,NULL,'### 基本信息\n姓名：[姓名]\n出生年月：[出生年月]\n学历：[学历]\n面试职位：Java后端\n工作年限：[工作年限]\n意向城市：[意向城市]\n\n### 掌握技能\n1. Java编程\n2. Spring框架\n3. 数据库设计与优化\n4. RESTful API开发\n5. 分布式系统设计与开发\n6. 缓存技术（如Redis）\n7. 消息队列（如Kafka）\n8. 微服务架构\n9. Linux操作系统\n10. 敏捷开发方法论\n\n### 工作经历\n1. 公司名称：[公司名称]\n   职位：Java后端工程师\n   工作时间：[工作时间]\n   工作内容：负责开发和维护公司核心产品的后端功能，参与需求分析、系统设计和编码工作。使用Java语言和Spring框架进行开发，与前端团队合作完成项目。\n\n2. 公司名称：[公司名称]\n   职位：Java开发实习生\n   工作时间：[工作时间]\n   工作内容：参与公司项目的开发工作，负责编写代码、进行单元测试和修复bug。与团队成员合作，学习并应用最佳的软件开发实践。\n\n### 项目经历\n1. 项目背景：开发一款在线购物平台\n   项目细节：使用Java和Spring框架搭建后端服务，实现用户注册、登录、商品展示、购物车、订单管理等功能。\n   项目难点：处理并发请求、优化数据库查询性能、保证系统的可靠性和安全性。\n   优化和改进：引入缓存技术提升系统性能，使用消息队列实现异步处理，引入微服务架构提高系统的可扩展性。\n   我的价值：负责核心模块的开发和优化，提供技术解决方案，保证项目按时交付。\n\n2. 项目背景：构建一个分布式日志系统\n   项目细节：使用Java和Spring Cloud搭建分布式日志系统，实现日志收集、存储和查询功能。\n   项目难点：设计可扩展的分布式架构，处理大量的日志数据，实现高效的日志查询。\n   优化和改进：引入ELK（Elasticsearch、Logstash、Kibana）技术栈，优化日志存储和查询性能，引入分布式缓存提高系统的吞吐量。\n   我的价值：负责系统的设计和开发，参与架构设计和性能优化，提供技术支持和解决方案。\n\n### 关于我\n我是一名有丰富Java后端开发经验的工程师，熟悉各种常用的后端技术和框架。我具备良好的问题解决能力和团队合作精神，能够快速学习和适应新的技术。我注重代码质量和系统性能，善于分析和解决复杂的技术问题。我对于软件开发具有热情和责任心，能够按时高质量地完成工作。','2023-11-21 11:04:39'),(781,148,17,'你好','2023-11-22 01:01:16'),(782,148,NULL,'中文','2023-11-22 01:01:17'),(783,148,17,'hello','2023-11-22 01:01:23'),(784,148,NULL,'英文','2023-11-22 01:01:24'),(785,150,17,'我想吃饭','2023-11-22 01:02:04'),(786,150,NULL,'我渴望享用一顿美味的晚餐。','2023-11-22 01:02:06'),(787,151,17,'印着维尼熊图案的杯子','2023-11-22 01:03:31'),(788,151,NULL,'![A cup with a Winnie the Pooh pattern](https://image.pollinations.ai/prompt/A%20cup%20with%20a%20Winnie%20the%20Pooh%20pattern)','2023-11-22 01:03:33'),(789,151,17,'印着机甲的杯子','2023-11-22 01:03:57'),(790,151,NULL,'![A cup with a mecha pattern](https://image.pollinations.ai/prompt/A%20cup%20with%20a%20mecha%20pattern)','2023-11-22 01:03:58'),(791,154,17,'在吗','2023-11-22 08:34:26'),(792,154,NULL,'在的，有什么可以帮您的吗？','2023-11-22 08:34:50'),(793,155,17,'在吗','2023-11-22 08:37:25'),(794,156,17,'在吗','2023-11-22 08:38:18'),(795,156,NULL,'是的，我在。有什么可以帮助您的吗？','2023-11-22 08:38:19'),(796,157,17,'在吗','2023-11-22 08:42:58'),(797,158,17,'在吗','2023-11-22 08:43:51'),(798,158,NULL,'是的，我在。有什么我可以帮助您的吗？','2023-11-22 08:43:52'),(799,159,17,'小蛋糕','2023-11-22 08:44:36'),(800,159,NULL,'🍰 小红书博主推荐：美味诱惑的小蛋糕 🍰\n\n大家好！今天我要给大家推荐一种美味诱惑的甜点——小蛋糕！这种迷你的甜点不仅外形精致可爱，还有着丰富多样的口味选择。无论是作为下午茶的点心，还是庆祝活动的甜品，小蛋糕都能带给你无尽的甜蜜享受。让我们一起来探索这个小巧而美味的世界吧！🎂\n\n第一款小蛋糕是经典口味的巧克力蛋糕。这款小蛋糕外表深邃诱人，一切都从那层浓郁的巧克力酱开始。当你轻轻一口咬下，柔软的蛋糕体会在嘴里融化，与丝滑的巧克力奶油交融在一起，让你感受到浓郁的巧克力香气在口腔中弥漫开来。这款小蛋糕绝对是巧克力控们的最爱！🍫\n\n![巧克力蛋糕](https://example.com/chocolate_cake.jpg)\n\n第二款小蛋糕是水果口味的夏日清爽蛋糕。这款小蛋糕以鲜嫩多汁的水果为装饰，色彩斑斓，令人垂涎欲滴。当你品尝到这款蛋糕时，清新的水果味道会在口中爆发，给你带来一股清爽的夏日风情。每一口都能感受到水果的鲜甜和蛋糕的柔软，让你仿佛置身于果园之中。这款小蛋糕绝对是夏日里的一抹清凉！🍓🍍\n\n![水果蛋糕](https://example.com/fruit_cake.jpg)\n\n第三款小蛋糕是奶油口味的经典慕斯蛋糕。这款小蛋糕外观简洁大方，但内里却蕴藏着无限的惊喜。轻盈的慕斯蛋糕体与丝滑的奶油相得益彰，每一口都能感受到奶油的绵密和蛋糕的细腻。它的口感如丝绸般柔滑，在舌尖上轻轻融化，给你带来一种无比的享受。这款小蛋糕绝对是奶油控们的不二之选！🍦\n\n![慕斯蛋糕](https://example.com/mousse_cake.jpg)\n\n小蛋糕是一种既可口又可爱的甜点，无论是在生日派对上还是独自享用，它都能给你带来一份甜蜜的回忆。不论你是巧克力控、水果迷还是奶油爱好者，小蛋糕都能满足你的味蕾。快来尝试制作或品尝这些美味的小蛋糕吧！🧁✨\n\n![多款小蛋糕](https://example.com/multiple_cakes.jpg)','2023-11-22 08:44:57'),(801,160,17,'在吗','2023-11-22 08:48:38'),(802,160,NULL,'是的，我在。有什么我可以帮助您的吗？','2023-11-22 08:48:40'),(803,161,18,'在吗','2023-11-22 08:52:02'),(804,161,NULL,'是的，我在。有什么我可以帮助您的吗？','2023-11-22 08:52:04'),(805,162,19,'在吗','2023-11-22 08:59:17'),(806,162,NULL,'是的，我在。有什么我可以帮助你的吗？','2023-11-22 08:59:19'),(807,162,19,'帮我写一段java排序','2023-11-22 08:59:26'),(808,162,NULL,'当然可以！以下是一个简单的Java排序示例，使用冒泡排序算法对一个整数数组进行升序排序：\n\n```java\npublic class BubbleSort {\n    public static void main(String[] args) {\n        int[] arr = {5, 2, 8, 1, 3};\n        bubbleSort(arr);\n        System.out.println(\"排序结果：\");\n        for (int num : arr) {\n            System.out.print(num + \" \");\n        }\n    }\n\n    public static void bubbleSort(int[] arr) {\n        int n = arr.length;\n        for (int i = 0; i < n - 1; i++) {\n            for (int j = 0; j < n - i - 1; j++) {\n                if (arr[j] > arr[j + 1]) {\n                    // 交换arr[j]和arr[j+1]\n                    int temp = arr[j];\n                    arr[j] = arr[j + 1];\n                    arr[j + 1] = temp;\n                }\n            }\n        }\n    }\n}\n```\n\n这段代码使用了冒泡排序算法，它通过多次遍历数组，比较相邻元素并交换位置，将较大的元素逐渐“冒泡”到数组的末尾。最终，数组将按照升序排列。运行上述代码，输出结果将为：1 2 3 5 8。\n\n希望这可以帮到你！如果你有其他问题，我会很乐意帮助你。','2023-11-22 08:59:33'),(809,163,19,'小蛋糕','2023-11-22 09:00:03'),(810,163,NULL,'🍰 小蛋糕：让你的味蕾狂欢的甜蜜诱惑 🍰\n\n引言：大家好！今天我要为大家推荐一种美味的甜品，它小巧可爱，却能给你带来无限的甜蜜满足感。它就是小蛋糕！无论是作为下午茶的点心，还是庆祝活动的甜品，小蛋糕都能成为你的味蕾狂欢之选。让我们一起来探索小蛋糕的独特魅力吧！🎂\n\n段落一：多样口味，满足你的味蕾期待！\n小蛋糕的魅力之一就是它的多样口味。无论你是喜欢经典的巧克力口味，还是追求新鲜水果的清爽口感，小蛋糕都能满足你的味蕾期待。从香草、抹茶、红丝绒到榴莲、芒果、草莓，每一口小蛋糕都是一次味觉的冒险。你可以根据自己的口味喜好选择，或者尝试各种口味的组合，让味蕾在不同的口感中跳跃欢快！🍓🍫\n\n图片一：一盘丰富多样的小蛋糕，色彩缤纷，让人垂涎欲滴。\n\n段落二：精致外观，让你爱不释手！\n小蛋糕不仅在口感上让人满意，在外观上也是一道视觉盛宴。它们小巧精致，每一个小蛋糕都是一件艺术品。从精心设计的花朵、卡通形象到精致的装饰，小蛋糕总是能给人一种不舍得下口的感觉。无论是送给朋友还是自己享用，小蛋糕都能给你带来一份独特的愉悦。拍照前，不要忘记欣赏它们的美丽哦！🌸📸\n\n图片二：一款精致的小蛋糕，上面点缀着精美的花朵，仿佛一幅艺术品。\n\n段落三：个性定制，展现你的独特风格！\n小蛋糕不仅可以满足你的味觉，还可以展现你的个性。你可以选择定制自己喜欢的造型、颜色和装饰，让小蛋糕成为独一无二的艺术品。无论是生日派对、婚礼庆典还是其他特殊场合，定制小蛋糕都能给你带来更多的惊喜和喜悦。让小蛋糕成为你个性的代言人，让每个人都为你的创意而赞叹！🎉🎨\n\n图片三：一款个性定制的小蛋糕，上面写着“生日快乐”，独具个人风格。\n\n结语：小蛋糕，它小巧可爱，却蕴含着无限的甜蜜诱惑。无论是满足味蕾的口感，还是让你爱不释手的外观，小蛋糕都能成为你甜品世界的明星。不妨尝试一下吧，让小蛋糕带给你无尽的甜蜜满足！🍰💖\n\n图片四：一张多个小蛋糕的合影，展现出它们的可爱和诱人。','2023-11-22 09:00:30');
/*!40000 ALTER TABLE `message` ENABLE KEYS */;
UNLOCK TABLES;

--
-- Table structure for table `order`
--

DROP TABLE IF EXISTS `order`;
/*!40101 SET @saved_cs_client     = @@character_set_client */;
/*!50503 SET character_set_client = utf8mb4 */;
CREATE TABLE `order` (
  `id` int NOT NULL AUTO_INCREMENT,
  `user_id` int NOT NULL,
  `order_date` datetime NOT NULL,
  `order_amount` decimal(10,0) NOT NULL,
  `start_date` datetime NOT NULL,
  `end_date` datetime NOT NULL,
  PRIMARY KEY (`id`)
) ENGINE=InnoDB AUTO_INCREMENT=19 DEFAULT CHARSET=utf8mb4 COLLATE=utf8mb4_0900_ai_ci;
/*!40101 SET character_set_client = @saved_cs_client */;

--
-- Dumping data for table `order`
--

LOCK TABLES `order` WRITE;
/*!40000 ALTER TABLE `order` DISABLE KEYS */;
INSERT INTO `order` VALUES (4,4,'2023-11-11 20:17:13',199,'2023-11-11 20:17:13','2024-11-10 20:17:13'),(8,4,'2023-11-11 20:19:55',199,'2024-11-10 20:17:13','2025-11-10 20:17:13'),(9,4,'2023-11-11 20:25:09',199,'2024-11-10 20:17:13','2025-11-10 20:17:13'),(10,4,'2023-11-11 20:29:58',199,'2024-11-10 20:17:13','2025-11-10 20:17:13'),(11,4,'2023-11-11 20:31:45',199,'2024-11-10 20:17:13','2025-11-10 20:17:13'),(16,17,'2023-11-21 11:10:21',99,'2023-11-21 11:10:21','2024-11-20 11:10:21'),(17,17,'2023-11-21 11:10:24',99,'2024-11-20 11:10:21','2025-11-20 11:10:21'),(18,19,'2023-11-22 09:03:45',199,'2023-11-22 09:03:45','2024-11-21 09:03:45');
/*!40000 ALTER TABLE `order` ENABLE KEYS */;
UNLOCK TABLES;

--
-- Table structure for table `role_to_user`
--

DROP TABLE IF EXISTS `role_to_user`;
/*!40101 SET @saved_cs_client     = @@character_set_client */;
/*!50503 SET character_set_client = utf8mb4 */;
CREATE TABLE `role_to_user` (
  `id` int NOT NULL AUTO_INCREMENT,
  `user_id` int NOT NULL,
  `role_id` int NOT NULL,
  PRIMARY KEY (`id`)
) ENGINE=InnoDB AUTO_INCREMENT=17 DEFAULT CHARSET=utf8mb4 COLLATE=utf8mb4_0900_ai_ci;
/*!40101 SET character_set_client = @saved_cs_client */;

--
-- Dumping data for table `role_to_user`
--

LOCK TABLES `role_to_user` WRITE;
/*!40000 ALTER TABLE `role_to_user` DISABLE KEYS */;
INSERT INTO `role_to_user` VALUES (1,1,1),(2,2,1),(3,3,1),(4,4,1),(5,8,1),(6,9,1),(7,10,1),(8,11,1),(9,12,1),(10,13,1),(11,14,1),(12,15,1),(13,16,1),(14,17,1),(15,18,1),(16,19,1);
/*!40000 ALTER TABLE `role_to_user` ENABLE KEYS */;
UNLOCK TABLES;

--
-- Table structure for table `roles`
--

DROP TABLE IF EXISTS `roles`;
/*!40101 SET @saved_cs_client     = @@character_set_client */;
/*!50503 SET character_set_client = utf8mb4 */;
CREATE TABLE `roles` (
  `id` int NOT NULL AUTO_INCREMENT,
  `role_name` varchar(50) NOT NULL,
  PRIMARY KEY (`id`)
) ENGINE=InnoDB AUTO_INCREMENT=3 DEFAULT CHARSET=utf8mb4 COLLATE=utf8mb4_0900_ai_ci;
/*!40101 SET character_set_client = @saved_cs_client */;

--
-- Dumping data for table `roles`
--

LOCK TABLES `roles` WRITE;
/*!40000 ALTER TABLE `roles` DISABLE KEYS */;
INSERT INTO `roles` VALUES (1,'USER'),(2,'ADMIN');
/*!40000 ALTER TABLE `roles` ENABLE KEYS */;
UNLOCK TABLES;

--
-- Table structure for table `user`
--

DROP TABLE IF EXISTS `user`;
/*!40101 SET @saved_cs_client     = @@character_set_client */;
/*!50503 SET character_set_client = utf8mb4 */;
CREATE TABLE `user` (
  `id` int NOT NULL AUTO_INCREMENT,
  `username` varchar(255) NOT NULL,
  `password` varchar(255) NOT NULL,
  `email` varchar(255) CHARACTER SET utf8mb4 COLLATE utf8mb4_0900_ai_ci DEFAULT NULL,
  `balance` decimal(10,2) DEFAULT NULL,
  PRIMARY KEY (`id`),
  UNIQUE KEY `username` (`username`)
) ENGINE=InnoDB AUTO_INCREMENT=20 DEFAULT CHARSET=utf8mb4 COLLATE=utf8mb4_0900_ai_ci;
/*!40101 SET character_set_client = @saved_cs_client */;

--
-- Dumping data for table `user`
--

LOCK TABLES `user` WRITE;
/*!40000 ALTER TABLE `user` DISABLE KEYS */;
INSERT INTO `user` VALUES (4,'1212','$2a$10$slyvcAadhyVY0u5Mxtbqw.vgMrIVIy8sARj9npKIxTlgo/MCKlw9C','123123123',NULL),(8,'123','$2a$10$nA5wKh9HFJz63IW/JmjOq.RxVz6Ia7m7iMuUjJ/iH4BpqUD5vfAo.','123',NULL),(9,'lilstar','$2a$10$XAHimSaAGKHmwsojKh6hTuuLYrI/Ul0jIMj2Kg/RmZ9eLrEW/tzku','111',NULL),(10,'12312123','$2a$10$n9nbqpSvVNeRsMjM712Y0ejgJowhObNoYm2zrXm7Yg4K1LndJKm/6','123',9999.00),(11,'testusername','$2a$10$VzWIoyasmdZjqZhP8561e.rK3w8bLNm6ZTvYrcum2g1IAucdMuVcG',NULL,NULL),(12,'admin','$2a$10$agA4hVpob00sjVVVxW0BKufX1Mrz/GCTubkAZb21SAyRYRkK22Mc2','admin@qq.com',6969.00),(13,'123123','$2a$10$YyHURQpfl0tdzV7PJ7Y0n.uT0h4QAqmWSMsdQ9KKFFMx9JcOOWKEa',NULL,NULL),(14,'testname','$2a$10$047tIgNJFUGagtXg9Go5N.tLV.dDFTNhJWz5k5y3vwaM3ddxS9sLa',NULL,NULL),(15,'666','$2a$10$MZlfTjMuki11CYtotIw2sO3imO97Lz/SPfgmHMQ.0sH4gx71cHGGO',NULL,NULL),(16,'liewstar','$2a$10$w3CVCCgTMFS9/FFsI4guSeXTD8TfzwGacEAYrnOLhDvLSrAgpoRj.',NULL,NULL),(17,'admin666','$2a$10$cYCpNL0G4Y5nXZimGtHX.uXcq4rJJlTwIZh/iTwrOxvBuOZCo66dm',NULL,NULL),(18,'ddddd','$2a$10$JnaYkWgWMQA.WsKcvi37aOpy7137R9amRQ1McJ.zWAgMHWld6OWri',NULL,NULL),(19,'lastname','$2a$10$YTDcCiML8DKg8/oHPAXmFexgp/wBqI0cHsXMcm7TJTdpjQcZzd7xm',NULL,NULL);
/*!40000 ALTER TABLE `user` ENABLE KEYS */;
UNLOCK TABLES;
/*!40103 SET TIME_ZONE=@OLD_TIME_ZONE */;

/*!40101 SET SQL_MODE=@OLD_SQL_MODE */;
/*!40014 SET FOREIGN_KEY_CHECKS=@OLD_FOREIGN_KEY_CHECKS */;
/*!40014 SET UNIQUE_CHECKS=@OLD_UNIQUE_CHECKS */;
/*!40101 SET CHARACTER_SET_CLIENT=@OLD_CHARACTER_SET_CLIENT */;
/*!40101 SET CHARACTER_SET_RESULTS=@OLD_CHARACTER_SET_RESULTS */;
/*!40101 SET COLLATION_CONNECTION=@OLD_COLLATION_CONNECTION */;
/*!40111 SET SQL_NOTES=@OLD_SQL_NOTES */;

-- Dump completed on 2023-11-30 12:23:43
